date,treatment,tank,oyster.id,length.mm,image.name,notes
20241204,control,control,0,2.5,20241204_control_size.jpeg,example
20241204,control,control,1,4.41,20241204_control_size.jpeg,
20241204,control,control,2,4.3,20241204_control_size.jpeg,
20241204,control,control,3,3.6,20241204_control_size.jpeg,
20241204,control,control,4,4.23,20241204_control_size.jpeg,
20241204,control,control,5,3.52,20241204_control_size.jpeg,
20241204,control,control,6,3.37,20241204_control_size.jpeg,
20241204,control,control,7,2.49,20241204_control_size.jpeg,
20241204,control,control,8,2.76,20241204_control_size.jpeg,
20241204,control,control,9,2.57,20241204_control_size.jpeg,
20241204,control,control,10,2.76,20241204_control_size.jpeg,
20241204,control,control,11,3.63,20241204_control_size.jpeg,
20241204,control,control,12,3.75,20241204_control_size.jpeg,
20241204,control,control,13,2.21,20241204_control_size.jpeg,
20241204,control,control,14,2.39,20241204_control_size.jpeg,
20241204,control,control,15,2.9,20241204_control_size.jpeg,
20241204,control,control,16,2.81,20241204_control_size.jpeg,
20241204,control,control,17,3.44,20241204_control_size.jpeg,
20241204,control,control,18,3.53,20241204_control_size.jpeg,
20241204,control,control,19,3.06,20241204_control_size.jpeg,
20241204,control,control,20,4.35,20241204_control_size.jpeg,
20241204,control,control,21,2.45,20241204_control_size.jpeg,
20241204,control,control,22,3.45,20241204_control_size.jpeg,
20241204,control,control,23,3.37,20241204_control_size.jpeg,
20241204,control,control,24,3.1,20241204_control_size.jpeg,
20241204,control,control,25,3.52,20241204_control_size.jpeg,
20241204,control,control,26,2.76,20241204_control_size.jpeg,
20241204,control,control,27,4.12,20241204_control_size.jpeg,
20241204,control,control,28,3.58,20241204_control_size.jpeg,
20241204,control,control,29,3.57,20241204_control_size.jpeg,
20241204,control,control,30,3.46,20241204_control_size.jpeg,
20241204,control,control,31,3.1,20241204_control_size.jpeg,
20241204,control,control,32,3.7,20241204_control_size.jpeg,
20241204,control,control,33,3.3,20241204_control_size.jpeg,
20241204,control,control,34,2.71,20241204_control_size.jpeg,
20241204,control,control,35,2.6,20241204_control_size.jpeg,
20241204,control,control,36,4.12,20241204_control_size.jpeg,
20241204,control,control,37,3.53,20241204_control_size.jpeg,
20241204,control,control,38,2.3,20241204_control_size.jpeg,
20241204,control,control,39,3.83,20241204_control_size.jpeg,
20241204,control,control,40,2.81,20241204_control_size.jpeg,
20241204,control,control,41,3.79,20241204_control_size.jpeg,
20241204,control,control,42,4.46,20241204_control_size.jpeg,
20241204,control,control,43,2.19,20241204_control_size.jpeg,
20241204,control,control,44,3.01,20241204_control_size.jpeg,
20241204,control,control,45,2.82,20241204_control_size.jpeg,
20241204,control,control,46,3.24,20241204_control_size.jpeg,
20241204,control,control,47,3.03,20241204_control_size.jpeg,
20241204,control,control,48,3.05,20241204_control_size.jpeg,
20241204,control,control,49,2.49,20241204_control_size.jpeg,
20241204,control,control,50,2.86,20241204_control_size.jpeg,
20241204,control,control,51,2.42,20241204_control_size.jpeg,
20241204,control,control,52,2.76,20241204_control_size.jpeg,
20241204,control,control,53,2.71,20241204_control_size.jpeg,
20241204,control,control,54,3.08,20241204_control_size.jpeg,
20241204,control,control,55,3.29,20241204_control_size.jpeg,
20241204,control,control,56,3.45,20241204_control_size.jpeg,
20241204,control,control,57,2.86,20241204_control_size.jpeg,
20241204,control,control,58,3.36,20241204_control_size.jpeg,
20241204,control,control,59,3.36,20241204_control_size.jpeg,
20241204,control,control,60,3.49,20241204_control_size.jpeg,
20241204,control,control,61,3.07,20241204_control_size.jpeg,
20241204,control,control,62,2.81,20241204_control_size.jpeg,
20241204,control,control,63,3.06,20241204_control_size.jpeg,
20241204,control,control,64,3.16,20241204_control_size.jpeg,
20241204,control,control,65,3.85,20241204_control_size.jpeg,
20241204,control,control,66,3.91,20241204_control_size.jpeg,
20241204,control,control,67,2.92,20241204_control_size.jpeg,
20241204,control,control,68,3.6,20241204_control_size.jpeg,
20241204,control,control,69,2.47,20241204_control_size.jpeg,
20241204,control,control,70,3.16,20241204_control_size.jpeg,
20241204,control,control,71,2.81,20241204_control_size.jpeg,
20241204,control,control,72,2.85,20241204_control_size.jpeg,
20241204,control,control,73,3.53,20241204_control_size.jpeg,
20241204,control,control,74,2.49,20241204_control_size.jpeg,
20241204,control,control,75,2.42,20241204_control_size.jpeg,
20241204,control,control,76,2.67,20241204_control_size.jpeg,
20241204,control,control,77,3.57,20241204_control_size.jpeg,
20241204,control,control,78,3.38,20241204_control_size.jpeg,
20241204,control,control,79,3.23,20241204_control_size.jpeg,
20241204,control,control,80,3.22,20241204_control_size.jpeg,
20241204,control,control,81,3.45,20241204_control_size.jpeg,
20241204,control,control,82,2.49,20241204_control_size.jpeg,
20241204,control,control,83,2.13,20241204_control_size.jpeg,
20241204,control,control,84,2.1,20241204_control_size.jpeg,
20241204,control,control,85,2.84,20241204_control_size.jpeg,
20241204,control,control,86,3.01,20241204_control_size.jpeg,
20241204,control,control,87,2.9,20241204_control_size.jpeg,
20241204,control,control,88,3.03,20241204_control_size.jpeg,
20241204,control,control,89,3.72,20241204_control_size.jpeg,
20241204,control,control,90,3.56,20241204_control_size.jpeg,
20241204,control,control,91,3.85,20241204_control_size.jpeg,
20241204,control,control,92,3.07,20241204_control_size.jpeg,
20241204,control,control,93,2.39,20241204_control_size.jpeg,
20241204,control,control,94,4.2,20241204_control_size.jpeg,
20241204,control,control,95,2.48,20241204_control_size.jpeg,
20241204,control,control,96,2.2,20241204_control_size.jpeg,
20241204,control,control,97,2.92,20241204_control_size.jpeg,
20241204,control,control,98,2.65,20241204_control_size.jpeg,
20241204,control,control,99,2.58,20241204_control_size.jpeg,
20241204,control,control,100,1.84,20241204_control_size.jpeg,
20241204,treatment,treatment,1,3.06,20241204_treated_size.jpeg,
20241205,treatment,treatment,2,2.2,20241204_treated_size.jpeg,
20241206,treatment,treatment,3,2.04,20241204_treated_size.jpeg,
20241207,treatment,treatment,4,2.52,20241204_treated_size.jpeg,
20241208,treatment,treatment,5,4.14,20241204_treated_size.jpeg,
20241209,treatment,treatment,6,2.89,20241204_treated_size.jpeg,
20241210,treatment,treatment,7,3.6,20241204_treated_size.jpeg,
20241211,treatment,treatment,8,3.2,20241204_treated_size.jpeg,
20241212,treatment,treatment,9,2.88,20241204_treated_size.jpeg,
20241213,treatment,treatment,10,2.35,20241204_treated_size.jpeg,
20241214,treatment,treatment,11,2.58,20241204_treated_size.jpeg,
20241215,treatment,treatment,12,2.76,20241204_treated_size.jpeg,
20241216,treatment,treatment,13,2.31,20241204_treated_size.jpeg,
20241217,treatment,treatment,14,2.52,20241204_treated_size.jpeg,
20241218,treatment,treatment,15,2.44,20241204_treated_size.jpeg,
20241219,treatment,treatment,16,3.39,20241204_treated_size.jpeg,
20241220,treatment,treatment,17,2.57,20241204_treated_size.jpeg,
20241221,treatment,treatment,18,3.34,20241204_treated_size.jpeg,
20241222,treatment,treatment,19,3.81,20241204_treated_size.jpeg,
20241223,treatment,treatment,20,2.52,20241204_treated_size.jpeg,
20241224,treatment,treatment,21,2.88,20241204_treated_size.jpeg,
20241225,treatment,treatment,22,2.37,20241204_treated_size.jpeg,
20241226,treatment,treatment,23,2.88,20241204_treated_size.jpeg,
20241227,treatment,treatment,24,3.22,20241204_treated_size.jpeg,
20241228,treatment,treatment,25,2.2,20241204_treated_size.jpeg,
20241229,treatment,treatment,26,2.59,20241204_treated_size.jpeg,
20241230,treatment,treatment,27,2.43,20241204_treated_size.jpeg,
20241231,treatment,treatment,28,3.73,20241204_treated_size.jpeg,
20241232,treatment,treatment,29,3.62,20241204_treated_size.jpeg,
20241233,treatment,treatment,30,3.06,20241204_treated_size.jpeg,
20241234,treatment,treatment,31,2.9,20241204_treated_size.jpeg,
20241235,treatment,treatment,32,2.26,20241204_treated_size.jpeg,
20241236,treatment,treatment,33,2.23,20241204_treated_size.jpeg,
20241237,treatment,treatment,34,2.68,20241204_treated_size.jpeg,
20241238,treatment,treatment,35,2.47,20241204_treated_size.jpeg,
20241239,treatment,treatment,36,2.14,20241204_treated_size.jpeg,
20241240,treatment,treatment,37,2.27,20241204_treated_size.jpeg,
20241241,treatment,treatment,38,3,20241204_treated_size.jpeg,
20241242,treatment,treatment,39,2.8,20241204_treated_size.jpeg,
20241243,treatment,treatment,40,2.81,20241204_treated_size.jpeg,
20241244,treatment,treatment,41,2.76,20241204_treated_size.jpeg,
20241245,treatment,treatment,42,2.65,20241204_treated_size.jpeg,
20241246,treatment,treatment,43,3.6,20241204_treated_size.jpeg,
20241247,treatment,treatment,44,3.46,20241204_treated_size.jpeg,
20241248,treatment,treatment,45,3.97,20241204_treated_size.jpeg,
20241249,treatment,treatment,46,2.72,20241204_treated_size.jpeg,
20241250,treatment,treatment,47,1.92,20241204_treated_size.jpeg,
20241251,treatment,treatment,48,4.08,20241204_treated_size.jpeg,
20241252,treatment,treatment,49,2.54,20241204_treated_size.jpeg,
20241253,treatment,treatment,50,3.76,20241204_treated_size.jpeg,
20241254,treatment,treatment,51,2.68,20241204_treated_size.jpeg,
20241255,treatment,treatment,52,2.03,20241204_treated_size.jpeg,
20241256,treatment,treatment,53,3.26,20241204_treated_size.jpeg,
20241257,treatment,treatment,54,2.31,20241204_treated_size.jpeg,
20241258,treatment,treatment,55,2.43,20241204_treated_size.jpeg,
20241259,treatment,treatment,56,2.52,20241204_treated_size.jpeg,
20241260,treatment,treatment,57,3.39,20241204_treated_size.jpeg,
20241261,treatment,treatment,58,3.02,20241204_treated_size.jpeg,
20241262,treatment,treatment,59,4.41,20241204_treated_size.jpeg,
20241263,treatment,treatment,60,4.14,20241204_treated_size.jpeg,
20241264,treatment,treatment,61,3.49,20241204_treated_size.jpeg,
20241265,treatment,treatment,62,3.75,20241204_treated_size.jpeg,
20241266,treatment,treatment,63,2.31,20241204_treated_size.jpeg,
20241267,treatment,treatment,64,3.63,20241204_treated_size.jpeg,
20241268,treatment,treatment,65,3.09,20241204_treated_size.jpeg,
20241269,treatment,treatment,66,2.72,20241204_treated_size.jpeg,
20241270,treatment,treatment,67,2.54,20241204_treated_size.jpeg,
20241271,treatment,treatment,68,2.76,20241204_treated_size.jpeg,
20241272,treatment,treatment,69,2.5,20241204_treated_size.jpeg,
20241273,treatment,treatment,70,2.88,20241204_treated_size.jpeg,
20241274,treatment,treatment,71,1.37,20241204_treated_size.jpeg,
20241275,treatment,treatment,72,2.52,20241204_treated_size.jpeg,
20241276,treatment,treatment,73,3.26,20241204_treated_size.jpeg,
20241277,treatment,treatment,74,2.9,20241204_treated_size.jpeg,
20241278,treatment,treatment,75,3.33,20241204_treated_size.jpeg,
20241279,treatment,treatment,76,3.26,20241204_treated_size.jpeg,
20241280,treatment,treatment,77,3.07,20241204_treated_size.jpeg,
20241281,treatment,treatment,78,3.43,20241204_treated_size.jpeg,
20241282,treatment,treatment,79,3.39,20241204_treated_size.jpeg,
20241283,treatment,treatment,80,3.43,20241204_treated_size.jpeg,
20241284,treatment,treatment,81,2.9,20241204_treated_size.jpeg,
20241285,treatment,treatment,82,2.71,20241204_treated_size.jpeg,
20241286,treatment,treatment,83,3.86,20241204_treated_size.jpeg,
20241287,treatment,treatment,84,2.76,20241204_treated_size.jpeg,
20241288,treatment,treatment,85,2.3,20241204_treated_size.jpeg,
20241289,treatment,treatment,86,3.15,20241204_treated_size.jpeg,
20241290,treatment,treatment,87,2.27,20241204_treated_size.jpeg,
20241291,treatment,treatment,88,2.82,20241204_treated_size.jpeg,
20241292,treatment,treatment,89,3.93,20241204_treated_size.jpeg,
20241293,treatment,treatment,90,2.04,20241204_treated_size.jpeg,
20241294,treatment,treatment,91,1.67,20241204_treated_size.jpeg,
20241295,treatment,treatment,92,2.07,20241204_treated_size.jpeg,
20241296,treatment,treatment,93,2.5,20241204_treated_size.jpeg,
20241297,treatment,treatment,94,2.96,20241204_treated_size.jpeg,
20241298,treatment,treatment,95,2.05,20241204_treated_size.jpeg,
20241299,treatment,treatment,96,2.76,20241204_treated_size.jpeg,
20241300,treatment,treatment,97,2.72,20241204_treated_size.jpeg,
20241301,treatment,treatment,98,3.05,20241204_treated_size.jpeg,
20241302,treatment,treatment,99,3.12,20241204_treated_size.jpeg,
20241303,treatment,treatment,100,3.05,20241204_treated_size.jpeg,
20250107,control,control,1,3.62,20250107_control1_size.jpeg ,
20250107,control,control,2,4.63,20250107_control1_size.jpeg ,
20250107,control,control,3,3.55,20250107_control1_size.jpeg ,
20250107,control,control,4,5.35,20250107_control1_size.jpeg ,
20250107,control,control,5,4.16,20250107_control1_size.jpeg ,
20250107,control,control,6,4.41,20250107_control1_size.jpeg ,
20250107,control,control,7,3.59,20250107_control1_size.jpeg ,
20250107,control,control,8,4.15,20250107_control1_size.jpeg ,
20250107,control,control,9,3.28,20250107_control1_size.jpeg ,
20250107,control,control,10,4,20250107_control1_size.jpeg ,
20250107,control,control,11,4.68,20250107_control1_size.jpeg ,
20250107,control,control,12,4.14,20250107_control1_size.jpeg ,
20250107,control,control,13,5.33,20250107_control1_size.jpeg ,
20250107,control,control,14,4.5,20250107_control1_size.jpeg ,
20250107,control,control,15,2.51,20250107_control1_size.jpeg ,
20250107,control,control,16,3.43,20250107_control1_size.jpeg ,
20250107,control,control,17,4.16,20250107_control1_size.jpeg ,
20250107,control,control,18,4.34,20250107_control1_size.jpeg ,
20250107,control,control,19,4.03,20250107_control1_size.jpeg ,
20250107,control,control,20,3.08,20250107_control1_size.jpeg ,
20250107,control,control,21,4.49,20250107_control1_size.jpeg ,
20250107,control,control,22,4.14,20250107_control1_size.jpeg ,
20250107,control,control,23,3.43,20250107_control1_size.jpeg ,
20250107,control,control,24,3.94,20250107_control1_size.jpeg ,
20250107,control,control,25,3.92,20250107_control1_size.jpeg ,
20250107,control,control,26,4.1,20250107_control1_size.jpeg ,
20250107,control,control,27,4.16,20250107_control1_size.jpeg ,
20250107,control,control,28,4.02,20250107_control1_size.jpeg ,
20250107,control,control,29,3.77,20250107_control1_size.jpeg ,
20250107,control,control,30,2.73,20250107_control1_size.jpeg ,
20250107,control,control,31,4.41,20250107_control1_size.jpeg ,
20250107,control,control,32,4.3,20250107_control1_size.jpeg ,
20250107,control,control,33,4.47,20250107_control1_size.jpeg ,
20250107,control,control,34,4.15,20250107_control1_size.jpeg ,
20250107,control,control,35,2.8,20250107_control1_size.jpeg ,
20250107,control,control,36,3.72,20250107_control1_size.jpeg ,
20250107,control,control,37,3.43,20250107_control1_size.jpeg ,
20250107,control,control,38,3.44,20250107_control1_size.jpeg ,
20250107,control,control,39,4.72,20250107_control1_size.jpeg ,
20250107,control,control,40,4.23,20250107_control1_size.jpeg ,
20250107,control,control,41,4.26,20250107_control1_size.jpeg ,
20250107,control,control,42,4.08,20250107_control1_size.jpeg ,
20250107,control,control,43,4.22,20250107_control1_size.jpeg ,
20250107,control,control,44,4.66,20250107_control1_size.jpeg ,
20250107,control,control,45,3.41,20250107_control1_size.jpeg ,
20250107,control,control,46,3.81,20250107_control1_size.jpeg ,
20250107,control,control,47,3.87,20250107_control1_size.jpeg ,
20250107,control,control,48,3.08,20250107_control1_size.jpeg ,
20250107,control,control,49,3.34,20250107_control1_size.jpeg ,
20250107,control,control,50,4.89,20250107_control1_size.jpeg ,
20250107,control,control,51,4.02,20250107_control1_size.jpeg ,
20250107,control,control,52,4.42,20250107_control1_size.jpeg ,
20250107,control,control,53,3.92,20250107_control1_size.jpeg ,
20250107,control,control,54,3.93,20250107_control1_size.jpeg ,
20250107,control,control,55,4.32,20250107_control1_size.jpeg ,
20250107,control,control,56,3.78,20250107_control1_size.jpeg ,
20250107,control,control,57,3.44,20250107_control1_size.jpeg ,
20250107,control,control,58,4.3,20250107_control1_size.jpeg ,
20250107,control,control,59,5.27,20250107_control1_size.jpeg ,
20250107,control,control,60,3.77,20250107_control1_size.jpeg ,
20250107,control,control,61,3.71,20250107_control1_size.jpeg ,
20250107,control,control,62,3.58,20250107_control1_size.jpeg ,
20250107,control,control,63,3.35,20250107_control1_size.jpeg ,
20250107,control,control,64,5.43,20250107_control1_size.jpeg ,
20250107,control,control,65,4.5,20250107_control1_size.jpeg ,
20250107,control,control,66,3.98,20250107_control1_size.jpeg ,
20250107,control,control,67,4.08,20250107_control1_size.jpeg ,
20250107,control,control,68,3.8,20250107_control1_size.jpeg ,
20250107,control,control,69,3.07,20250107_control1_size.jpeg ,
20250107,control,control,70,4.26,20250107_control1_size.jpeg ,
20250107,control,control,71,4.26,20250107_control1_size.jpeg ,
20250107,control,control,72,2.81,20250107_control1_size.jpeg ,
20250107,control,control,73,2.09,20250107_control1_size.jpeg ,
20250107,control,control,74,2.72,20250107_control1_size.jpeg ,
20250107,control,control,75,3.18,20250107_control1_size.jpeg ,
20250107,control,control,76,4.14,20250107_control1_size.jpeg ,
20250107,control,control,77,3.71,20250107_control1_size.jpeg ,
20250107,control,control,78,3.89,20250107_control1_size.jpeg ,
20250107,control,control,79,3.8,20250107_control1_size.jpeg ,
20250107,control,control,80,2.93,20250107_control1_size.jpeg ,
20250107,control,control,81,4.39,20250107_control1_size.jpeg ,
20250107,control,control,82,3.95,20250107_control1_size.jpeg ,
20250107,control,control,83,3.02,20250107_control1_size.jpeg ,
20250107,control,control,84,3.78,20250107_control1_size.jpeg ,
20250107,control,control,85,4.36,20250107_control1_size.jpeg ,
20250107,control,control,86,2.7,20250107_control1_size.jpeg ,
20250107,control,control,87,4.73,20250107_control1_size.jpeg ,
20250107,control,control,88,3.31,20250107_control1_size.jpeg ,
20250107,control,control,89,4.16,20250107_control1_size.jpeg ,
20250107,control,control,90,3.88,20250107_control1_size.jpeg ,
20250107,control,control,91,4.95,20250107_control1_size.jpeg ,
20250107,control,control,92,5,20250107_control1_size.jpeg ,
20250107,control,control,93,4.52,20250107_control1_size.jpeg ,
20250107,control,control,94,5.42,20250107_control1_size.jpeg ,
20250107,control,control,95,5.26,20250107_control1_size.jpeg ,
20250107,control,control,96,5.42,20250107_control1_size.jpeg ,
20250107,control,control,97,4.81,20250107_control1_size.jpeg ,
20250107,control,control,98,4.73,20250107_control1_size.jpeg ,
20250107,control,control,99,4.93,20250107_control1_size.jpeg ,
20250107,control,control,100,2.51,20250107_control1_size.jpeg ,
20250107,control,control,1,4.48,20250107_control2_size.jpeg,
20250107,control,control,2,3.9,20250107_control2_size.jpeg,
20250107,control,control,3,4.94,20250107_control2_size.jpeg,
20250107,control,control,4,4.07,20250107_control2_size.jpeg,
20250107,control,control,5,3.63,20250107_control2_size.jpeg,
20250107,control,control,6,4.86,20250107_control2_size.jpeg,
20250107,control,control,7,4.57,20250107_control2_size.jpeg,
20250107,control,control,8,4.98,20250107_control2_size.jpeg,
20250107,control,control,9,4.73,20250107_control2_size.jpeg,
20250107,control,control,10,3.84,20250107_control2_size.jpeg,
20250107,control,control,11,5.31,20250107_control2_size.jpeg,
20250107,control,control,12,4.73,20250107_control2_size.jpeg,
20250107,control,control,13,4.88,20250107_control2_size.jpeg,
20250107,control,control,14,5.31,20250107_control2_size.jpeg,
20250107,control,control,15,5.25,20250107_control2_size.jpeg,
20250107,control,control,16,4.58,20250107_control2_size.jpeg,
20250107,control,control,17,4.71,20250107_control2_size.jpeg,
20250107,control,control,18,4.77,20250107_control2_size.jpeg,
20250107,control,control,19,4.69,20250107_control2_size.jpeg,
20250107,control,control,20,4.12,20250107_control2_size.jpeg,
20250107,control,control,21,4.82,20250107_control2_size.jpeg,
20250107,control,control,22,4.46,20250107_control2_size.jpeg,
20250107,control,control,23,4.98,20250107_control2_size.jpeg,
20250107,control,control,24,6.76,20250107_control2_size.jpeg,
20250107,control,control,25,4.28,20250107_control2_size.jpeg,
20250107,control,control,26,3.32,20250107_control2_size.jpeg,
20250107,control,control,27,3.7,20250107_control2_size.jpeg,
20250107,control,control,28,4.74,20250107_control2_size.jpeg,
20250107,control,control,29,5.57,20250107_control2_size.jpeg,
20250107,control,control,30,3.71,20250107_control2_size.jpeg,
20250107,control,control,31,5.46,20250107_control2_size.jpeg,
20250107,control,control,32,5.66,20250107_control2_size.jpeg,
20250107,control,control,33,4.51,20250107_control2_size.jpeg,
20250107,control,control,34,4.2,20250107_control2_size.jpeg,
20250107,control,control,35,4.18,20250107_control2_size.jpeg,
20250107,control,control,36,4.37,20250107_control2_size.jpeg,
20250107,control,control,37,4.7,20250107_control2_size.jpeg,
20250107,control,control,38,5.09,20250107_control2_size.jpeg,
20250107,control,control,39,4.96,20250107_control2_size.jpeg,
20250107,control,control,40,4.11,20250107_control2_size.jpeg,
20250107,control,control,41,5.06,20250107_control2_size.jpeg,
20250107,control,control,42,4.37,20250107_control2_size.jpeg,
20250107,control,control,43,4.65,20250107_control2_size.jpeg,
20250107,control,control,44,5.24,20250107_control2_size.jpeg,
20250107,control,control,45,6.1,20250107_control2_size.jpeg,
20250107,control,control,46,4.33,20250107_control2_size.jpeg,
20250107,control,control,47,4.98,20250107_control2_size.jpeg,
20250107,control,control,48,5.21,20250107_control2_size.jpeg,
20250107,control,control,49,4.57,20250107_control2_size.jpeg,
20250107,control,control,50,4.89,20250107_control2_size.jpeg,
20250107,control,control,51,5.45,20250107_control2_size.jpeg,
20250107,control,control,52,5.38,20250107_control2_size.jpeg,
20250107,control,control,53,5.48,20250107_control2_size.jpeg,
20250107,control,control,54,4.92,20250107_control2_size.jpeg,
20250107,control,control,55,5.08,20250107_control2_size.jpeg,
20250107,control,control,56,4.75,20250107_control2_size.jpeg,
20250107,control,control,57,5.58,20250107_control2_size.jpeg,
20250107,control,control,58,4.92,20250107_control2_size.jpeg,
20250107,control,control,59,5.32,20250107_control2_size.jpeg,
20250107,control,control,60,4.49,20250107_control2_size.jpeg,
20250107,control,control,61,5.2,20250107_control2_size.jpeg,
20250107,control,control,62,5.24,20250107_control2_size.jpeg,
20250107,control,control,63,4.96,20250107_control2_size.jpeg,
20250107,control,control,64,5.04,20250107_control2_size.jpeg,
20250107,control,control,65,3.37,20250107_control2_size.jpeg,
20250107,control,control,66,5.51,20250107_control2_size.jpeg,
20250107,control,control,67,5.6,20250107_control2_size.jpeg,
20250107,control,control,68,5.33,20250107_control2_size.jpeg,
20250107,control,control,69,4.58,20250107_control2_size.jpeg,
20250107,control,control,70,4.09,20250107_control2_size.jpeg,
20250107,control,control,71,4.59,20250107_control2_size.jpeg,
20250107,control,control,72,4.72,20250107_control2_size.jpeg,
20250107,control,control,73,5.47,20250107_control2_size.jpeg,
20250107,control,control,74,5.24,20250107_control2_size.jpeg,
20250107,control,control,75,6.57,20250107_control2_size.jpeg,
20250107,control,control,76,4.61,20250107_control2_size.jpeg,
20250107,control,control,77,4.34,20250107_control2_size.jpeg,
20250107,control,control,78,4.46,20250107_control2_size.jpeg,
20250107,control,control,79,5.06,20250107_control2_size.jpeg,
20250107,control,control,80,4.49,20250107_control2_size.jpeg,
20250107,control,control,81,4.57,20250107_control2_size.jpeg,
20250107,control,control,82,5.3,20250107_control2_size.jpeg,
20250107,control,control,83,4.07,20250107_control2_size.jpeg,
20250107,control,control,84,5.25,20250107_control2_size.jpeg,
20250107,control,control,85,4.95,20250107_control2_size.jpeg,
20250107,control,control,86,5.56,20250107_control2_size.jpeg,
20250107,control,control,87,5.94,20250107_control2_size.jpeg,
20250107,control,control,88,5.57,20250107_control2_size.jpeg,
20250107,control,control,89,4.58,20250107_control2_size.jpeg,
20250107,control,control,90,3.77,20250107_control2_size.jpeg,
20250107,control,control,91,5.12,20250107_control2_size.jpeg,
20250107,control,control,92,6.37,20250107_control2_size.jpeg,
20250107,control,control,93,4.54,20250107_control2_size.jpeg,
20250107,control,control,94,5.68,20250107_control2_size.jpeg,
20250107,control,control,95,4.69,20250107_control2_size.jpeg,
20250107,control,control,96,5.18,20250107_control2_size.jpeg,
20250107,control,control,97,3.95,20250107_control2_size.jpeg,
20250107,control,control,98,5.94,20250107_control2_size.jpeg,
20250107,control,control,99,5.06,20250107_control2_size.jpeg,
20250107,control,control,100,5.19,20250107_control2_size.jpeg,
20250107,treatment ,treatment,1,4.78,20250107_treated4_size.jpeg,
20250107,treatment ,treatment,2,4.1,20250107_treated4_size.jpeg,
20250107,treatment ,treatment,3,5.48,20250107_treated4_size.jpeg,
20250107,treatment ,treatment,4,4.79,20250107_treated4_size.jpeg,
20250107,treatment ,treatment,5,4.3,20250107_treated4_size.jpeg,
20250107,treatment ,treatment,6,3.91,20250107_treated4_size.jpeg,
20250107,treatment ,treatment,7,4.24,20250107_treated4_size.jpeg,
20250107,treatment ,treatment,8,4.46,20250107_treated4_size.jpeg,
20250107,treatment ,treatment,9,4.05,20250107_treated4_size.jpeg,
20250107,treatment ,treatment,10,3.27,20250107_treated4_size.jpeg,
20250107,treatment ,treatment,11,4.18,20250107_treated4_size.jpeg,
20250107,treatment ,treatment,12,4.37,20250107_treated4_size.jpeg,
20250107,treatment ,treatment,13,4.64,20250107_treated4_size.jpeg,
20250107,treatment ,treatment,14,3.66,20250107_treated4_size.jpeg,
20250107,treatment ,treatment,15,4.67,20250107_treated4_size.jpeg,
20250107,treatment ,treatment,16,4.89,20250107_treated4_size.jpeg,
20250107,treatment ,treatment,17,4.64,20250107_treated4_size.jpeg,
20250107,treatment ,treatment,18,3.65,20250107_treated4_size.jpeg,
20250107,treatment ,treatment,19,4.1,20250107_treated4_size.jpeg,
20250107,treatment ,treatment,20,3.85,20250107_treated4_size.jpeg,
20250107,treatment ,treatment,21,4.49,20250107_treated4_size.jpeg,
20250107,treatment ,treatment,22,3.45,20250107_treated4_size.jpeg,
20250107,treatment ,treatment,23,3.03,20250107_treated4_size.jpeg,
20250107,treatment ,treatment,24,3.91,20250107_treated4_size.jpeg,
20250107,treatment ,treatment,25,5.15,20250107_treated4_size.jpeg,
20250107,treatment ,treatment,26,4.34,20250107_treated4_size.jpeg,
20250107,treatment ,treatment,27,3.98,20250107_treated4_size.jpeg,
20250107,treatment ,treatment,28,2.72,20250107_treated4_size.jpeg,
20250107,treatment ,treatment,29,4.46,20250107_treated4_size.jpeg,
20250107,treatment ,treatment,30,3.88,20250107_treated4_size.jpeg,
20250107,treatment ,treatment,31,4.65,20250107_treated4_size.jpeg,
20250107,treatment ,treatment,32,3.88,20250107_treated4_size.jpeg,
20250107,treatment ,treatment,33,4.3,20250107_treated4_size.jpeg,
20250107,treatment ,treatment,34,3.98,20250107_treated4_size.jpeg,
20250107,treatment ,treatment,35,5.25,20250107_treated4_size.jpeg,
20250107,treatment ,treatment,36,3.76,20250107_treated4_size.jpeg,
20250107,treatment ,treatment,37,3.9,20250107_treated4_size.jpeg,
20250107,treatment ,treatment,38,4.71,20250107_treated4_size.jpeg,
20250107,treatment ,treatment,39,4.59,20250107_treated4_size.jpeg,
20250107,treatment ,treatment,40,4.75,20250107_treated4_size.jpeg,
20250107,treatment ,treatment,41,3.91,20250107_treated4_size.jpeg,
20250107,treatment ,treatment,42,4.84,20250107_treated4_size.jpeg,
20250107,treatment ,treatment,43,5.54,20250107_treated4_size.jpeg,
20250107,treatment ,treatment,44,3.73,20250107_treated4_size.jpeg,
20250107,treatment ,treatment,45,4,20250107_treated4_size.jpeg,
20250107,treatment ,treatment,46,3.18,20250107_treated4_size.jpeg,
20250107,treatment ,treatment,47,3.23,20250107_treated4_size.jpeg,
20250107,treatment ,treatment,48,3.68,20250107_treated4_size.jpeg,
20250107,treatment ,treatment,49,4.97,20250107_treated4_size.jpeg,
20250107,treatment ,treatment,50,3.21,20250107_treated4_size.jpeg,
20250107,treatment ,treatment,51,3.98,20250107_treated4_size.jpeg,
20250107,treatment ,treatment,52,3.97,20250107_treated4_size.jpeg,
20250107,treatment ,treatment,53,4.39,20250107_treated4_size.jpeg,
20250107,treatment ,treatment,54,5.1,20250107_treated4_size.jpeg,
20250107,treatment ,treatment,55,3.88,20250107_treated4_size.jpeg,
20250107,treatment ,treatment,56,3.47,20250107_treated4_size.jpeg,
20250107,treatment ,treatment,57,4.15,20250107_treated4_size.jpeg,
20250107,treatment ,treatment,58,3.7,20250107_treated4_size.jpeg,
20250107,treatment ,treatment,59,3.88,20250107_treated4_size.jpeg,
20250107,treatment ,treatment,60,3.88,20250107_treated4_size.jpeg,
20250107,treatment ,treatment,61,4.43,20250107_treated4_size.jpeg,
20250107,treatment ,treatment,62,3.5,20250107_treated4_size.jpeg,
20250107,treatment ,treatment,63,4.03,20250107_treated4_size.jpeg,
20250107,treatment ,treatment,64,3.92,20250107_treated4_size.jpeg,
20250107,treatment ,treatment,65,3.5,20250107_treated4_size.jpeg,
20250107,treatment ,treatment,66,3.66,20250107_treated4_size.jpeg,
20250107,treatment ,treatment,67,4.69,20250107_treated4_size.jpeg,
20250107,treatment ,treatment,68,3.9,20250107_treated4_size.jpeg,
20250107,treatment ,treatment,69,3.44,20250107_treated4_size.jpeg,
20250107,treatment ,treatment,70,3.98,20250107_treated4_size.jpeg,
20250107,treatment ,treatment,71,3.19,20250107_treated4_size.jpeg,
20250107,treatment ,treatment,72,4.86,20250107_treated4_size.jpeg,
20250107,treatment ,treatment,73,4.03,20250107_treated4_size.jpeg,
20250107,treatment ,treatment,74,4.81,20250107_treated4_size.jpeg,
20250107,treatment ,treatment,75,4.79,20250107_treated4_size.jpeg,
20250107,treatment ,treatment,76,2.97,20250107_treated4_size.jpeg,
20250107,treatment ,treatment,77,4.34,20250107_treated4_size.jpeg,
20250107,treatment ,treatment,78,3.66,20250107_treated4_size.jpeg,
20250107,treatment ,treatment,79,4.12,20250107_treated4_size.jpeg,
20250107,treatment ,treatment,80,4.19,20250107_treated4_size.jpeg,
20250107,treatment ,treatment,81,4.74,20250107_treated4_size.jpeg,
20250107,treatment ,treatment,82,3.94,20250107_treated4_size.jpeg,
20250107,treatment ,treatment,83,5.02,20250107_treated4_size.jpeg,
20250107,treatment ,treatment,84,5.06,20250107_treated4_size.jpeg,
20250107,treatment ,treatment,85,4.06,20250107_treated4_size.jpeg,
20250107,treatment ,treatment,86,3.85,20250107_treated4_size.jpeg,
20250107,treatment ,treatment,87,4.04,20250107_treated4_size.jpeg,
20250107,treatment ,treatment,88,3.56,20250107_treated4_size.jpeg,
20250107,treatment ,treatment,89,3.36,20250107_treated4_size.jpeg,
20250107,treatment ,treatment,90,4.72,20250107_treated4_size.jpeg,
20250107,treatment ,treatment,91,4.63,20250107_treated4_size.jpeg,
20250107,treatment ,treatment,92,4.64,20250107_treated4_size.jpeg,
20250107,treatment ,treatment,93,4.18,20250107_treated4_size.jpeg,
20250107,treatment ,treatment,94,4.41,20250107_treated4_size.jpeg,
20250107,treatment ,treatment,95,4.48,20250107_treated4_size.jpeg,
20250107,treatment ,treatment,96,4.52,20250107_treated4_size.jpeg,
20250107,treatment ,treatment,97,4.64,20250107_treated4_size.jpeg,
20250107,treatment ,treatment,98,4.48,20250107_treated4_size.jpeg,
20250107,treatment ,treatment,99,4.65,20250107_treated4_size.jpeg,
20250107,treatment ,treatment,100,3.94,20250107_treated4_size.jpeg,
20250107,treatment ,treatment,1,2.86,20250107_treated5_size.jpeg,
20250107,treatment ,treatment,2,2.38,20250107_treated5_size.jpeg,
20250107,treatment ,treatment,3,3.2,20250107_treated5_size.jpeg,
20250107,treatment ,treatment,4,4.02,20250107_treated5_size.jpeg,
20250107,treatment ,treatment,5,3.13,20250107_treated5_size.jpeg,
20250107,treatment ,treatment,6,3.12,20250107_treated5_size.jpeg,
20250107,treatment ,treatment,7,3.55,20250107_treated5_size.jpeg,
20250107,treatment ,treatment,8,3.35,20250107_treated5_size.jpeg,
20250107,treatment ,treatment,9,3.55,20250107_treated5_size.jpeg,
20250107,treatment ,treatment,10,3.08,20250107_treated5_size.jpeg,
20250107,treatment ,treatment,11,3.26,20250107_treated5_size.jpeg,
20250107,treatment ,treatment,12,3.57,20250107_treated5_size.jpeg,
20250107,treatment ,treatment,13,3.45,20250107_treated5_size.jpeg,
20250107,treatment ,treatment,14,3.19,20250107_treated5_size.jpeg,
20250107,treatment ,treatment,15,2.35,20250107_treated5_size.jpeg,
20250107,treatment ,treatment,16,2.93,20250107_treated5_size.jpeg,
20250107,treatment ,treatment,17,2.92,20250107_treated5_size.jpeg,
20250107,treatment ,treatment,18,3.72,20250107_treated5_size.jpeg,
20250107,treatment ,treatment,19,3.6,20250107_treated5_size.jpeg,
20250107,treatment ,treatment,20,4.07,20250107_treated5_size.jpeg,
20250107,treatment ,treatment,21,3.45,20250107_treated5_size.jpeg,
20250107,treatment ,treatment,22,4.07,20250107_treated5_size.jpeg,
20250107,treatment ,treatment,23,4.46,20250107_treated5_size.jpeg,
20250107,treatment ,treatment,24,3.33,20250107_treated5_size.jpeg,
20250107,treatment ,treatment,25,3.87,20250107_treated5_size.jpeg,
20250107,treatment ,treatment,26,3.72,20250107_treated5_size.jpeg,
20250107,treatment ,treatment,27,2.97,20250107_treated5_size.jpeg,
20250107,treatment ,treatment,28,2.5,20250107_treated5_size.jpeg,
20250107,treatment ,treatment,29,3.78,20250107_treated5_size.jpeg,
20250107,treatment ,treatment,30,3.57,20250107_treated5_size.jpeg,
20250107,treatment ,treatment,31,2.92,20250107_treated5_size.jpeg,
20250107,treatment ,treatment,32,3.59,20250107_treated5_size.jpeg,
20250107,treatment ,treatment,33,2.73,20250107_treated5_size.jpeg,
20250107,treatment ,treatment,34,4.02,20250107_treated5_size.jpeg,
20250107,treatment ,treatment,35,4.35,20250107_treated5_size.jpeg,
20250107,treatment ,treatment,36,3.48,20250107_treated5_size.jpeg,
20250107,treatment ,treatment,37,3.62,20250107_treated5_size.jpeg,
20250107,treatment ,treatment,38,4.26,20250107_treated5_size.jpeg,
20250107,treatment ,treatment,39,3.02,20250107_treated5_size.jpeg,
20250107,treatment ,treatment,40,3.37,20250107_treated5_size.jpeg,
20250107,treatment ,treatment,41,3.79,20250107_treated5_size.jpeg,
20250107,treatment ,treatment,42,3.83,20250107_treated5_size.jpeg,
20250107,treatment ,treatment,43,3.98,20250107_treated5_size.jpeg,
20250107,treatment ,treatment,44,4.23,20250107_treated5_size.jpeg,
20250107,treatment ,treatment,45,3.67,20250107_treated5_size.jpeg,
20250107,treatment ,treatment,46,3.6,20250107_treated5_size.jpeg,
20250107,treatment ,treatment,47,3.46,20250107_treated5_size.jpeg,
20250107,treatment ,treatment,48,4.29,20250107_treated5_size.jpeg,
20250107,treatment ,treatment,49,3.67,20250107_treated5_size.jpeg,
20250107,treatment ,treatment,50,2.66,20250107_treated5_size.jpeg,
20250107,treatment ,treatment,51,3.51,20250107_treated5_size.jpeg,
20250107,treatment ,treatment,52,2.97,20250107_treated5_size.jpeg,
20250107,treatment ,treatment,53,3.22,20250107_treated5_size.jpeg,
20250107,treatment ,treatment,54,4.15,20250107_treated5_size.jpeg,
20250107,treatment ,treatment,55,4.12,20250107_treated5_size.jpeg,
20250107,treatment ,treatment,56,3.91,20250107_treated5_size.jpeg,
20250107,treatment ,treatment,57,3.56,20250107_treated5_size.jpeg,
20250107,treatment ,treatment,58,3.94,20250107_treated5_size.jpeg,
20250107,treatment ,treatment,59,3.37,20250107_treated5_size.jpeg,
20250107,treatment ,treatment,60,4.13,20250107_treated5_size.jpeg,
20250107,treatment ,treatment,61,3.94,20250107_treated5_size.jpeg,
20250107,treatment ,treatment,62,2.93,20250107_treated5_size.jpeg,
20250107,treatment ,treatment,63,4.31,20250107_treated5_size.jpeg,
20250107,treatment ,treatment,64,4.08,20250107_treated5_size.jpeg,
20250107,treatment ,treatment,65,3.15,20250107_treated5_size.jpeg,
20250107,treatment ,treatment,66,3.44,20250107_treated5_size.jpeg,
20250107,treatment ,treatment,67,3.44,20250107_treated5_size.jpeg,
20250107,treatment ,treatment,68,4.27,20250107_treated5_size.jpeg,
20250107,treatment ,treatment,69,3.84,20250107_treated5_size.jpeg,
20250107,treatment ,treatment,70,3.32,20250107_treated5_size.jpeg,
20250107,treatment ,treatment,71,3.93,20250107_treated5_size.jpeg,
20250107,treatment ,treatment,72,3.78,20250107_treated5_size.jpeg,
20250107,treatment ,treatment,73,3.64,20250107_treated5_size.jpeg,
20250107,treatment ,treatment,74,3.61,20250107_treated5_size.jpeg,
20250107,treatment ,treatment,75,2.99,20250107_treated5_size.jpeg,
20250107,treatment ,treatment,76,3.74,20250107_treated5_size.jpeg,
20250107,treatment ,treatment,77,4.14,20250107_treated5_size.jpeg,
20250107,treatment ,treatment,78,3.14,20250107_treated5_size.jpeg,
20250107,treatment ,treatment,79,3.17,20250107_treated5_size.jpeg,
20250107,treatment ,treatment,80,3.62,20250107_treated5_size.jpeg,
20250107,treatment ,treatment,81,3.46,20250107_treated5_size.jpeg,
20250107,treatment ,treatment,82,4.5,20250107_treated5_size.jpeg,
20250107,treatment ,treatment,83,4.03,20250107_treated5_size.jpeg,
20250107,treatment ,treatment,84,3.82,20250107_treated5_size.jpeg,
20250107,treatment ,treatment,85,3.76,20250107_treated5_size.jpeg,
20250107,treatment ,treatment,86,4,20250107_treated5_size.jpeg,
20250107,treatment ,treatment,87,4.66,20250107_treated5_size.jpeg,
20250107,treatment ,treatment,88,4.47,20250107_treated5_size.jpeg,
20250107,treatment ,treatment,89,4.04,20250107_treated5_size.jpeg,
20250107,treatment ,treatment,90,3.32,20250107_treated5_size.jpeg,
20250107,treatment ,treatment,91,2.86,20250107_treated5_size.jpeg,
20250107,treatment ,treatment,92,3.34,20250107_treated5_size.jpeg,
20250107,treatment ,treatment,93,4.3,20250107_treated5_size.jpeg,
20250107,treatment ,treatment,94,3.25,20250107_treated5_size.jpeg,
20250107,treatment ,treatment,95,4.13,20250107_treated5_size.jpeg,
20250107,treatment ,treatment,96,3.68,20250107_treated5_size.jpeg,
20250107,treatment ,treatment,97,3.63,20250107_treated5_size.jpeg,
20250107,treatment ,treatment,98,3.26,20250107_treated5_size.jpeg,
20250107,treatment ,treatment,99,3.79,20250107_treated5_size.jpeg,
20250107,treatment ,treatment,100,4.42,20250107_treated5_size.jpeg,
20250226,control ,control,1,4.89,20250206_control1_size.jpeg,
20250226,control ,control,2,4.42,20250206_control1_size.jpeg,
20250226,control ,control,3,4.84,20250206_control1_size.jpeg,
20250226,control ,control,4,5.82,20250206_control1_size.jpeg,
20250226,control ,control,5,4.96,20250206_control1_size.jpeg,
20250226,control ,control,6,6.78,20250206_control1_size.jpeg,
20250226,control ,control,7,5.08,20250206_control1_size.jpeg,
20250226,control ,control,8,5.57,20250206_control1_size.jpeg,
20250226,control ,control,9,4.26,20250206_control1_size.jpeg,
20250226,control ,control,10,3.57,20250206_control1_size.jpeg,
20250226,control ,control,11,4.79,20250206_control1_size.jpeg,
20250226,control ,control,12,4.72,20250206_control1_size.jpeg,
20250226,control ,control,13,4.94,20250206_control1_size.jpeg,
20250226,control ,control,14,4.94,20250206_control1_size.jpeg,
20250226,control ,control,15,4.19,20250206_control1_size.jpeg,
20250226,control ,control,16,4.94,20250206_control1_size.jpeg,
20250226,control ,control,17,4.82,20250206_control1_size.jpeg,
20250226,control ,control,18,5.06,20250206_control1_size.jpeg,
20250226,control ,control,19,4.74,20250206_control1_size.jpeg,
20250226,control ,control,20,5.98,20250206_control1_size.jpeg,
20250226,control ,control,21,3.97,20250206_control1_size.jpeg,
20250226,control ,control,22,4.78,20250206_control1_size.jpeg,
20250226,control ,control,23,5.24,20250206_control1_size.jpeg,
20250226,control ,control,24,3.96,20250206_control1_size.jpeg,
20250226,control ,control,25,4.25,20250206_control1_size.jpeg,
20250226,control ,control,26,2.83,20250206_control1_size.jpeg,
20250226,control ,control,27,5.5,20250206_control1_size.jpeg,
20250226,control ,control,28,6.23,20250206_control1_size.jpeg,
20250226,control ,control,29,5.37,20250206_control1_size.jpeg,
20250226,control ,control,30,5.74,20250206_control1_size.jpeg,
20250226,control ,control,31,4.5,20250206_control1_size.jpeg,
20250226,control ,control,32,4.31,20250206_control1_size.jpeg,
20250226,control ,control,33,5.33,20250206_control1_size.jpeg,
20250226,control ,control,34,4.35,20250206_control1_size.jpeg,
20250226,control ,control,35,5.44,20250206_control1_size.jpeg,
20250226,control ,control,36,5.65,20250206_control1_size.jpeg,
20250226,control ,control,37,5.65,20250206_control1_size.jpeg,
20250226,control ,control,38,6.38,20250206_control1_size.jpeg,
20250226,control ,control,39,5.41,20250206_control1_size.jpeg,
20250226,control ,control,40,5.48,20250206_control1_size.jpeg,
20250226,control ,control,41,3.6,20250206_control1_size.jpeg,
20250226,control ,control,42,5.98,20250206_control1_size.jpeg,
20250226,control ,control,43,6.66,20250206_control1_size.jpeg,
20250226,control ,control,44,4.31,20250206_control1_size.jpeg,
20250226,control ,control,45,4,20250206_control1_size.jpeg,
20250226,control ,control,46,4.84,20250206_control1_size.jpeg,
20250226,control ,control,47,5.84,20250206_control1_size.jpeg,
20250226,control ,control,48,4.47,20250206_control1_size.jpeg,
20250226,control ,control,49,5.09,20250206_control1_size.jpeg,
20250226,control ,control,50,7.55,20250206_control1_size.jpeg,
20250226,control ,control,51,3.87,20250206_control1_size.jpeg,
20250226,control ,control,52,4.63,20250206_control1_size.jpeg,
20250226,control ,control,53,5.6,20250206_control1_size.jpeg,
20250226,control ,control,54,6.79,20250206_control1_size.jpeg,
20250226,control ,control,55,4.53,20250206_control1_size.jpeg,
20250226,control ,control,56,4.63,20250206_control1_size.jpeg,
20250226,control ,control,57,4.88,20250206_control1_size.jpeg,
20250226,control ,control,58,4.08,20250206_control1_size.jpeg,
20250226,control ,control,59,5.44,20250206_control1_size.jpeg,
20250226,control ,control,60,4.49,20250206_control1_size.jpeg,
20250226,control ,control,61,5.52,20250206_control1_size.jpeg,
20250226,control ,control,62,3.84,20250206_control1_size.jpeg,
20250226,control ,control,63,4.67,20250206_control1_size.jpeg,
20250226,control ,control,64,5.17,20250206_control1_size.jpeg,
20250226,control ,control,65,3.64,20250206_control1_size.jpeg,
20250226,control ,control,66,5.02,20250206_control1_size.jpeg,
20250226,control ,control,67,4.47,20250206_control1_size.jpeg,
20250226,control ,control,68,5.35,20250206_control1_size.jpeg,
20250226,control ,control,69,4.76,20250206_control1_size.jpeg,
20250226,control ,control,70,4.67,20250206_control1_size.jpeg,
20250226,control ,control,71,7.47,20250206_control1_size.jpeg,
20250226,control ,control,72,5.05,20250206_control1_size.jpeg,
20250226,control ,control,73,5.64,20250206_control1_size.jpeg,
20250226,control ,control,74,6.21,20250206_control1_size.jpeg,
20250226,control ,control,75,4.74,20250206_control1_size.jpeg,
20250226,control ,control,76,5.06,20250206_control1_size.jpeg,
20250226,control ,control,77,5.23,20250206_control1_size.jpeg,
20250226,control ,control,78,4,20250206_control1_size.jpeg,
20250226,control ,control,79,6.34,20250206_control1_size.jpeg,
20250226,control ,control,80,5.65,20250206_control1_size.jpeg,
20250226,control ,control,81,6.8,20250206_control1_size.jpeg,
20250226,control ,control,82,4.95,20250206_control1_size.jpeg,
20250226,control ,control,83,5.22,20250206_control1_size.jpeg,
20250226,control ,control,84,5.45,20250206_control1_size.jpeg,
20250226,control ,control,85,6.58,20250206_control1_size.jpeg,
20250226,control ,control,86,4.63,20250206_control1_size.jpeg,
20250226,control ,control,87,6.27,20250206_control1_size.jpeg,
20250226,control ,control,88,3.86,20250206_control1_size.jpeg,
20250226,control ,control,89,3.72,20250206_control1_size.jpeg,
20250226,control ,control,90,4.91,20250206_control1_size.jpeg,
20250226,control ,control,91,5.13,20250206_control1_size.jpeg,
20250226,control ,control,92,4.31,20250206_control1_size.jpeg,
20250226,control ,control,93,4.21,20250206_control1_size.jpeg,
20250226,control ,control,94,4.52,20250206_control1_size.jpeg,
20250226,control ,control,95,4.97,20250206_control1_size.jpeg,
20250226,control ,control,96,5.27,20250206_control1_size.jpeg,
20250226,control ,control,97,4.32,20250206_control1_size.jpeg,
20250226,control ,control,98,6.35,20250206_control1_size.jpeg,
20250226,control ,control,99,5.92,20250206_control1_size.jpeg,
20250226,control ,control,100,4.32,20250206_control1_size.jpeg,
20250226,control ,control,1,7.42,20250206_control2_size.jpeg,
20250226,control ,control,2,5.67,20250206_control2_size.jpeg,
20250226,control ,control,3,5.03,20250206_control2_size.jpeg,
20250226,control ,control,4,4.17,20250206_control2_size.jpeg,
20250226,control ,control,5,4.91,20250206_control2_size.jpeg,
20250226,control ,control,6,6.16,20250206_control2_size.jpeg,
20250226,control ,control,7,4.2,20250206_control2_size.jpeg,
20250226,control ,control,8,5.18,20250206_control2_size.jpeg,
20250226,control ,control,9,5.76,20250206_control2_size.jpeg,
20250226,control ,control,10,5.32,20250206_control2_size.jpeg,
20250226,control ,control,11,5.95,20250206_control2_size.jpeg,
20250226,control ,control,12,4.35,20250206_control2_size.jpeg,
20250226,control ,control,13,5.92,20250206_control2_size.jpeg,
20250226,control ,control,14,4.52,20250206_control2_size.jpeg,
20250226,control ,control,15,4.35,20250206_control2_size.jpeg,
20250226,control ,control,16,6.45,20250206_control2_size.jpeg,
20250226,control ,control,17,4.58,20250206_control2_size.jpeg,
20250226,control ,control,18,5.89,20250206_control2_size.jpeg,
20250226,control ,control,19,4.61,20250206_control2_size.jpeg,
20250226,control ,control,20,4.52,20250206_control2_size.jpeg,
20250226,control ,control,21,4.04,20250206_control2_size.jpeg,
20250226,control ,control,22,5.47,20250206_control2_size.jpeg,
20250226,control ,control,23,5.62,20250206_control2_size.jpeg,
20250226,control ,control,24,6.06,20250206_control2_size.jpeg,
20250226,control ,control,25,4.52,20250206_control2_size.jpeg,
20250226,control ,control,26,5.25,20250206_control2_size.jpeg,
20250226,control ,control,27,5.25,20250206_control2_size.jpeg,
20250226,control ,control,28,5.61,20250206_control2_size.jpeg,
20250226,control ,control,29,4.06,20250206_control2_size.jpeg,
20250226,control ,control,30,5.52,20250206_control2_size.jpeg,
20250226,control ,control,31,5.91,20250206_control2_size.jpeg,
20250226,control ,control,32,4.37,20250206_control2_size.jpeg,
20250226,control ,control,33,5.2,20250206_control2_size.jpeg,
20250226,control ,control,34,4.35,20250206_control2_size.jpeg,
20250226,control ,control,35,4.45,20250206_control2_size.jpeg,
20250226,control ,control,36,4.16,20250206_control2_size.jpeg,
20250226,control ,control,37,5.32,20250206_control2_size.jpeg,
20250226,control ,control,38,7.06,20250206_control2_size.jpeg,
20250226,control ,control,39,4.8,20250206_control2_size.jpeg,
20250226,control ,control,40,3.96,20250206_control2_size.jpeg,
20250226,control ,control,41,3.48,20250206_control2_size.jpeg,
20250226,control ,control,42,5,20250206_control2_size.jpeg,
20250226,control ,control,43,4.01,20250206_control2_size.jpeg,
20250226,control ,control,44,4.53,20250206_control2_size.jpeg,
20250226,control ,control,45,4.48,20250206_control2_size.jpeg,
20250226,control ,control,46,4.34,20250206_control2_size.jpeg,
20250226,control ,control,47,5.43,20250206_control2_size.jpeg,
20250226,control ,control,48,6.39,20250206_control2_size.jpeg,
20250226,control ,control,49,4.27,20250206_control2_size.jpeg,
20250226,control ,control,50,6.55,20250206_control2_size.jpeg,
20250226,control ,control,51,5.26,20250206_control2_size.jpeg,
20250226,control ,control,52,6.14,20250206_control2_size.jpeg,
20250226,control ,control,53,5.32,20250206_control2_size.jpeg,
20250226,control ,control,54,5.5,20250206_control2_size.jpeg,
20250226,control ,control,55,5.34,20250206_control2_size.jpeg,
20250226,control ,control,56,2.99,20250206_control2_size.jpeg,
20250226,control ,control,57,3.89,20250206_control2_size.jpeg,
20250226,control ,control,58,4.87,20250206_control2_size.jpeg,
20250226,control ,control,59,5.42,20250206_control2_size.jpeg,
20250226,control ,control,60,6.72,20250206_control2_size.jpeg,
20250226,control ,control,61,5.12,20250206_control2_size.jpeg,
20250226,control ,control,62,5.53,20250206_control2_size.jpeg,
20250226,control ,control,63,3.62,20250206_control2_size.jpeg,
20250226,control ,control,64,4.81,20250206_control2_size.jpeg,
20250226,control ,control,65,5.42,20250206_control2_size.jpeg,
20250226,control ,control,66,5.97,20250206_control2_size.jpeg,
20250226,control ,control,67,5.27,20250206_control2_size.jpeg,
20250226,control ,control,68,5.27,20250206_control2_size.jpeg,
20250226,control ,control,69,5.27,20250206_control2_size.jpeg,
20250226,control ,control,70,4.41,20250206_control2_size.jpeg,
20250226,control ,control,71,5.03,20250206_control2_size.jpeg,
20250226,control ,control,72,6.39,20250206_control2_size.jpeg,
20250226,control ,control,73,5.06,20250206_control2_size.jpeg,
20250226,control ,control,74,4.46,20250206_control2_size.jpeg,
20250226,control ,control,75,4.71,20250206_control2_size.jpeg,
20250226,control ,control,76,4.25,20250206_control2_size.jpeg,
20250226,control ,control,77,5.51,20250206_control2_size.jpeg,
20250226,control ,control,78,5.02,20250206_control2_size.jpeg,
20250226,control ,control,79,5.51,20250206_control2_size.jpeg,
20250226,control ,control,80,4.01,20250206_control2_size.jpeg,
20250226,control ,control,81,4.87,20250206_control2_size.jpeg,
20250226,control ,control,82,4.73,20250206_control2_size.jpeg,
20250226,control ,control,83,5.57,20250206_control2_size.jpeg,
20250226,control ,control,84,3.66,20250206_control2_size.jpeg,
20250226,control ,control,85,3.71,20250206_control2_size.jpeg,
20250226,control ,control,86,4.24,20250206_control2_size.jpeg,
20250226,control ,control,87,5.75,20250206_control2_size.jpeg,
20250226,control ,control,88,7.43,20250206_control2_size.jpeg,
20250226,control ,control,89,6.95,20250206_control2_size.jpeg,
20250226,control ,control,90,5.55,20250206_control2_size.jpeg,
20250226,control ,control,91,6.33,20250206_control2_size.jpeg,
20250226,control ,control,92,5.14,20250206_control2_size.jpeg,
20250226,control ,control,93,6.03,20250206_control2_size.jpeg,
20250226,control ,control,94,4.37,20250206_control2_size.jpeg,
20250226,control ,control,95,6.34,20250206_control2_size.jpeg,
20250226,control ,control,96,7.62,20250206_control2_size.jpeg,
20250226,control ,control,97,6.27,20250206_control2_size.jpeg,
20250226,control ,control,98,6.27,20250206_control2_size.jpeg,
20250226,control ,control,99,8.21,20250206_control2_size.jpeg,
20250226,control ,control,100,3.69,20250206_control2_size.jpeg,
20250226,treatment,treatment,1,4.93,20250206_treated4_size.jpeg,
20250226,treatment,treatment,2,5.85,20250206_treated4_size.jpeg,
20250226,treatment,treatment,3,6.09,20250206_treated4_size.jpeg,
20250226,treatment,treatment,4,4.78,20250206_treated4_size.jpeg,
20250226,treatment,treatment,5,4.66,20250206_treated4_size.jpeg,
20250226,treatment,treatment,6,5.94,20250206_treated4_size.jpeg,
20250226,treatment,treatment,7,5.34,20250206_treated4_size.jpeg,
20250226,treatment,treatment,8,7.51,20250206_treated4_size.jpeg,
20250226,treatment,treatment,9,4.07,20250206_treated4_size.jpeg,
20250226,treatment,treatment,10,4.85,20250206_treated4_size.jpeg,
20250226,treatment,treatment,11,4.68,20250206_treated4_size.jpeg,
20250226,treatment,treatment,12,6.03,20250206_treated4_size.jpeg,
20250226,treatment,treatment,13,3.96,20250206_treated4_size.jpeg,
20250226,treatment,treatment,14,3.69,20250206_treated4_size.jpeg,
20250226,treatment,treatment,15,4.02,20250206_treated4_size.jpeg,
20250226,treatment,treatment,16,4.81,20250206_treated4_size.jpeg,
20250226,treatment,treatment,17,5.97,20250206_treated4_size.jpeg,
20250226,treatment,treatment,18,4.74,20250206_treated4_size.jpeg,
20250226,treatment,treatment,19,4.97,20250206_treated4_size.jpeg,
20250226,treatment,treatment,20,6.18,20250206_treated4_size.jpeg,
20250226,treatment,treatment,21,4.52,20250206_treated4_size.jpeg,
20250226,treatment,treatment,22,5,20250206_treated4_size.jpeg,
20250226,treatment,treatment,23,4.87,20250206_treated4_size.jpeg,
20250226,treatment,treatment,24,6.03,20250206_treated4_size.jpeg,
20250226,treatment,treatment,25,2.93,20250206_treated4_size.jpeg,
20250226,treatment,treatment,26,4.76,20250206_treated4_size.jpeg,
20250226,treatment,treatment,27,4.73,20250206_treated4_size.jpeg,
20250226,treatment,treatment,28,4.49,20250206_treated4_size.jpeg,
20250226,treatment,treatment,29,6.83,20250206_treated4_size.jpeg,
20250226,treatment,treatment,30,4.63,20250206_treated4_size.jpeg,
20250226,treatment,treatment,31,4.39,20250206_treated4_size.jpeg,
20250226,treatment,treatment,32,4.9,20250206_treated4_size.jpeg,
20250226,treatment,treatment,33,4.03,20250206_treated4_size.jpeg,
20250226,treatment,treatment,34,6.46,20250206_treated4_size.jpeg,
20250226,treatment,treatment,35,5.03,20250206_treated4_size.jpeg,
20250226,treatment,treatment,36,3.73,20250206_treated4_size.jpeg,
20250226,treatment,treatment,37,5.95,20250206_treated4_size.jpeg,
20250226,treatment,treatment,38,5,20250206_treated4_size.jpeg,
20250226,treatment,treatment,39,6.05,20250206_treated4_size.jpeg,
20250226,treatment,treatment,40,5.45,20250206_treated4_size.jpeg,
20250226,treatment,treatment,41,6.26,20250206_treated4_size.jpeg,
20250226,treatment,treatment,42,5.09,20250206_treated4_size.jpeg,
20250226,treatment,treatment,43,4.51,20250206_treated4_size.jpeg,
20250226,treatment,treatment,44,4.55,20250206_treated4_size.jpeg,
20250226,treatment,treatment,45,4.31,20250206_treated4_size.jpeg,
20250226,treatment,treatment,46,4.48,20250206_treated4_size.jpeg,
20250226,treatment,treatment,47,4.59,20250206_treated4_size.jpeg,
20250226,treatment,treatment,48,5.39,20250206_treated4_size.jpeg,
20250226,treatment,treatment,49,7.17,20250206_treated4_size.jpeg,
20250226,treatment,treatment,50,7.85,20250206_treated4_size.jpeg,
20250226,treatment,treatment,51,7.07,20250206_treated4_size.jpeg,
20250226,treatment,treatment,52,4.88,20250206_treated4_size.jpeg,
20250226,treatment,treatment,53,6.72,20250206_treated4_size.jpeg,
20250226,treatment,treatment,54,5.02,20250206_treated4_size.jpeg,
20250226,treatment,treatment,55,6.4,20250206_treated4_size.jpeg,
20250226,treatment,treatment,56,4.56,20250206_treated4_size.jpeg,
20250226,treatment,treatment,57,6.72,20250206_treated4_size.jpeg,
20250226,treatment,treatment,58,9.07,20250206_treated4_size.jpeg,
20250226,treatment,treatment,59,4.5,20250206_treated4_size.jpeg,
20250226,treatment,treatment,60,5.87,20250206_treated4_size.jpeg,
20250226,treatment,treatment,61,6.37,20250206_treated4_size.jpeg,
20250226,treatment,treatment,62,4.55,20250206_treated4_size.jpeg,
20250226,treatment,treatment,63,3.97,20250206_treated4_size.jpeg,
20250226,treatment,treatment,64,4.24,20250206_treated4_size.jpeg,
20250226,treatment,treatment,65,5,20250206_treated4_size.jpeg,
20250226,treatment,treatment,66,5.01,20250206_treated4_size.jpeg,
20250226,treatment,treatment,67,5.34,20250206_treated4_size.jpeg,
20250226,treatment,treatment,68,5.54,20250206_treated4_size.jpeg,
20250226,treatment,treatment,69,4.13,20250206_treated4_size.jpeg,
20250226,treatment,treatment,70,4.55,20250206_treated4_size.jpeg,
20250226,treatment,treatment,71,4.96,20250206_treated4_size.jpeg,
20250226,treatment,treatment,72,4.65,20250206_treated4_size.jpeg,
20250226,treatment,treatment,73,4,20250206_treated4_size.jpeg,
20250226,treatment,treatment,74,6.03,20250206_treated4_size.jpeg,
20250226,treatment,treatment,75,3.98,20250206_treated4_size.jpeg,
20250226,treatment,treatment,76,7.2,20250206_treated4_size.jpeg,
20250226,treatment,treatment,77,4.65,20250206_treated4_size.jpeg,
20250226,treatment,treatment,78,7.25,20250206_treated4_size.jpeg,
20250226,treatment,treatment,79,4.31,20250206_treated4_size.jpeg,
20250226,treatment,treatment,80,4.7,20250206_treated4_size.jpeg,
20250226,treatment,treatment,81,5.56,20250206_treated4_size.jpeg,
20250226,treatment,treatment,82,4.32,20250206_treated4_size.jpeg,
20250226,treatment,treatment,83,4.79,20250206_treated4_size.jpeg,
20250226,treatment,treatment,84,7.07,20250206_treated4_size.jpeg,
20250226,treatment,treatment,85,5.5,20250206_treated4_size.jpeg,
20250226,treatment,treatment,86,5.07,20250206_treated4_size.jpeg,
20250226,treatment,treatment,87,5.87,20250206_treated4_size.jpeg,
20250226,treatment,treatment,88,5.45,20250206_treated4_size.jpeg,
20250226,treatment,treatment,89,7.41,20250206_treated4_size.jpeg,
20250226,treatment,treatment,90,4.64,20250206_treated4_size.jpeg,
20250226,treatment,treatment,91,5.49,20250206_treated4_size.jpeg,
20250226,treatment,treatment,92,5.07,20250206_treated4_size.jpeg,
20250226,treatment,treatment,93,6.66,20250206_treated4_size.jpeg,
20250226,treatment,treatment,94,4.48,20250206_treated4_size.jpeg,
20250226,treatment,treatment,95,5.55,20250206_treated4_size.jpeg,
20250226,treatment,treatment,96,4.04,20250206_treated4_size.jpeg,
20250226,treatment,treatment,97,3.94,20250206_treated4_size.jpeg,
20250226,treatment,treatment,98,6.05,20250206_treated4_size.jpeg,
20250226,treatment,treatment,99,5.47,20250206_treated4_size.jpeg,
20250226,treatment,treatment,100,4.62,20250206_treated4_size.jpeg,
20250226,treatment,treatment,1,7.37,20250206_treated5_size.jpeg,
20250226,treatment,treatment,2,4.72,20250206_treated5_size.jpeg,
20250226,treatment,treatment,3,4.38,20250206_treated5_size.jpeg,
20250226,treatment,treatment,4,5.53,20250206_treated5_size.jpeg,
20250226,treatment,treatment,5,5.73,20250206_treated5_size.jpeg,
20250226,treatment,treatment,6,5.84,20250206_treated5_size.jpeg,
20250226,treatment,treatment,7,5.07,20250206_treated5_size.jpeg,
20250226,treatment,treatment,8,5.74,20250206_treated5_size.jpeg,
20250226,treatment,treatment,9,4.47,20250206_treated5_size.jpeg,
20250226,treatment,treatment,10,5.05,20250206_treated5_size.jpeg,
20250226,treatment,treatment,11,4.05,20250206_treated5_size.jpeg,
20250226,treatment,treatment,12,3.99,20250206_treated5_size.jpeg,
20250226,treatment,treatment,13,4.99,20250206_treated5_size.jpeg,
20250226,treatment,treatment,14,4.93,20250206_treated5_size.jpeg,
20250226,treatment,treatment,15,4.54,20250206_treated5_size.jpeg,
20250226,treatment,treatment,16,4.93,20250206_treated5_size.jpeg,
20250226,treatment,treatment,17,4.37,20250206_treated5_size.jpeg,
20250226,treatment,treatment,18,5.27,20250206_treated5_size.jpeg,
20250226,treatment,treatment,19,4.51,20250206_treated5_size.jpeg,
20250226,treatment,treatment,20,5.81,20250206_treated5_size.jpeg,
20250226,treatment,treatment,21,4.47,20250206_treated5_size.jpeg,
20250226,treatment,treatment,22,4.35,20250206_treated5_size.jpeg,
20250226,treatment,treatment,23,4.43,20250206_treated5_size.jpeg,
20250226,treatment,treatment,24,4.1,20250206_treated5_size.jpeg,
20250226,treatment,treatment,25,3.85,20250206_treated5_size.jpeg,
20250226,treatment,treatment,26,5.2,20250206_treated5_size.jpeg,
20250226,treatment,treatment,27,3.99,20250206_treated5_size.jpeg,
20250226,treatment,treatment,28,5.04,20250206_treated5_size.jpeg,
20250226,treatment,treatment,29,6.43,20250206_treated5_size.jpeg,
20250226,treatment,treatment,30,3.94,20250206_treated5_size.jpeg,
20250226,treatment,treatment,31,5.49,20250206_treated5_size.jpeg,
20250226,treatment,treatment,32,6.38,20250206_treated5_size.jpeg,
20250226,treatment,treatment,33,4.62,20250206_treated5_size.jpeg,
20250226,treatment,treatment,34,4.78,20250206_treated5_size.jpeg,
20250226,treatment,treatment,35,3.94,20250206_treated5_size.jpeg,
20250226,treatment,treatment,36,5,20250206_treated5_size.jpeg,
20250226,treatment,treatment,37,5.43,20250206_treated5_size.jpeg,
20250226,treatment,treatment,38,5.7,20250206_treated5_size.jpeg,
20250226,treatment,treatment,39,5.32,20250206_treated5_size.jpeg,
20250226,treatment,treatment,40,4.89,20250206_treated5_size.jpeg,
20250226,treatment,treatment,41,5.2,20250206_treated5_size.jpeg,
20250226,treatment,treatment,42,4.22,20250206_treated5_size.jpeg,
20250226,treatment,treatment,43,5.02,20250206_treated5_size.jpeg,
20250226,treatment,treatment,44,5.88,20250206_treated5_size.jpeg,
20250226,treatment,treatment,45,4.82,20250206_treated5_size.jpeg,
20250226,treatment,treatment,46,6.22,20250206_treated5_size.jpeg,
20250226,treatment,treatment,47,4.93,20250206_treated5_size.jpeg,
20250226,treatment,treatment,48,3.55,20250206_treated5_size.jpeg,
20250226,treatment,treatment,49,3.94,20250206_treated5_size.jpeg,
20250226,treatment,treatment,50,5.4,20250206_treated5_size.jpeg,
20250226,treatment,treatment,51,4.59,20250206_treated5_size.jpeg,
20250226,treatment,treatment,52,3.85,20250206_treated5_size.jpeg,
20250226,treatment,treatment,53,4.28,20250206_treated5_size.jpeg,
20250226,treatment,treatment,54,5.65,20250206_treated5_size.jpeg,
20250226,treatment,treatment,55,5.39,20250206_treated5_size.jpeg,
20250226,treatment,treatment,56,4.05,20250206_treated5_size.jpeg,
20250226,treatment,treatment,57,4.51,20250206_treated5_size.jpeg,
20250226,treatment,treatment,58,5.2,20250206_treated5_size.jpeg,
20250226,treatment,treatment,59,4.86,20250206_treated5_size.jpeg,
20250226,treatment,treatment,60,4.98,20250206_treated5_size.jpeg,
20250226,treatment,treatment,61,3.43,20250206_treated5_size.jpeg,
20250226,treatment,treatment,62,4.2,20250206_treated5_size.jpeg,
20250226,treatment,treatment,63,5.28,20250206_treated5_size.jpeg,
20250226,treatment,treatment,64,4.99,20250206_treated5_size.jpeg,
20250226,treatment,treatment,65,4.31,20250206_treated5_size.jpeg,
20250226,treatment,treatment,66,3.67,20250206_treated5_size.jpeg,
20250226,treatment,treatment,67,4.7,20250206_treated5_size.jpeg,
20250226,treatment,treatment,68,4.27,20250206_treated5_size.jpeg,
20250226,treatment,treatment,69,4.99,20250206_treated5_size.jpeg,
20250226,treatment,treatment,70,6.08,20250206_treated5_size.jpeg,
20250226,treatment,treatment,71,4.67,20250206_treated5_size.jpeg,
20250226,treatment,treatment,72,4.48,20250206_treated5_size.jpeg,
20250226,treatment,treatment,73,4.11,20250206_treated5_size.jpeg,
20250226,treatment,treatment,74,4.76,20250206_treated5_size.jpeg,
20250226,treatment,treatment,75,4.96,20250206_treated5_size.jpeg,
20250226,treatment,treatment,76,4.44,20250206_treated5_size.jpeg,
20250226,treatment,treatment,77,3.59,20250206_treated5_size.jpeg,
20250226,treatment,treatment,78,3.94,20250206_treated5_size.jpeg,
20250226,treatment,treatment,79,5.43,20250206_treated5_size.jpeg,
20250226,treatment,treatment,80,5.27,20250206_treated5_size.jpeg,
20250226,treatment,treatment,81,4.11,20250206_treated5_size.jpeg,
20250226,treatment,treatment,82,5.84,20250206_treated5_size.jpeg,
20250226,treatment,treatment,83,5.73,20250206_treated5_size.jpeg,
20250226,treatment,treatment,84,3.66,20250206_treated5_size.jpeg,
20250226,treatment,treatment,85,5.58,20250206_treated5_size.jpeg,
20250226,treatment,treatment,86,4.35,20250206_treated5_size.jpeg,
20250226,treatment,treatment,87,5.13,20250206_treated5_size.jpeg,
20250226,treatment,treatment,88,5.66,20250206_treated5_size.jpeg,
20250226,treatment,treatment,89,5.12,20250206_treated5_size.jpeg,
20250226,treatment,treatment,90,5.35,20250206_treated5_size.jpeg,
20250226,treatment,treatment,91,5.88,20250206_treated5_size.jpeg,
20250226,treatment,treatment,92,6.34,20250206_treated5_size.jpeg,
20250226,treatment,treatment,93,5.32,20250206_treated5_size.jpeg,
20250226,treatment,treatment,94,5.47,20250206_treated5_size.jpeg,
20250226,treatment,treatment,95,6.67,20250206_treated5_size.jpeg,
20250226,treatment,treatment,96,5.51,20250206_treated5_size.jpeg,
20250226,treatment,treatment,97,4.11,20250206_treated5_size.jpeg,
20250226,treatment,treatment,98,5.1,20250206_treated5_size.jpeg,
20250226,treatment,treatment,99,4.44,20250206_treated5_size.jpeg,
20250226,treatment,treatment,100,7.2,20250206_treated5_size.jpeg,
20250530,control ,control,1,11.17,control_20250530.jpeg,
20250530,control ,control,2,7.39,control_20250530.jpeg,
20250530,control ,control,3,7.91,control_20250530.jpeg,
20250530,control ,control,4,9.45,control_20250530.jpeg,
20250530,control ,control,5,9.34,control_20250530.jpeg,
20250530,control ,control,6,10.56,control_20250530.jpeg,
20250530,control ,control,7,9.43,control_20250530.jpeg,
20250530,control ,control,8,8.75,control_20250530.jpeg,
20250530,control ,control,9,7.82,control_20250530.jpeg,
20250530,control ,control,10,9.08,control_20250530.jpeg,
20250530,control ,control,11,7.72,control_20250530.jpeg,
20250530,control ,control,12,7.55,control_20250530.jpeg,
20250530,control ,control,13,10.17,control_20250530.jpeg,
20250530,control ,control,14,8.95,control_20250530.jpeg,
20250530,control ,control,15,10.44,control_20250530.jpeg,
20250530,control ,control,16,6.54,control_20250530.jpeg,
20250530,control ,control,17,10.93,control_20250530.jpeg,
20250530,control ,control,18,8.62,control_20250530.jpeg,
20250530,control ,control,19,9.78,control_20250530.jpeg,
20250530,control ,control,20,8.06,control_20250530.jpeg,
20250530,control ,control,21,8.62,control_20250530.jpeg,
20250530,control ,control,22,5.45,control_20250530.jpeg,
20250530,control ,control,23,9.63,control_20250530.jpeg,
20250530,control ,control,24,7.87,control_20250530.jpeg,
20250530,control ,control,25,9.78,control_20250530.jpeg,
20250530,control ,control,26,8.72,control_20250530.jpeg,
20250530,control ,control,27,7.5,control_20250530.jpeg,
20250530,control ,control,28,7.8,control_20250530.jpeg,
20250530,control ,control,29,7.86,control_20250530.jpeg,
20250530,control ,control,30,9.08,control_20250530.jpeg,
20250530,control ,control,31,12.55,control_20250530.jpeg,
20250530,control ,control,32,9.18,control_20250530.jpeg,
20250530,control ,control,33,8.06,control_20250530.jpeg,
20250530,control ,control,34,11.04,control_20250530.jpeg,
20250530,control ,control,35,8.1,control_20250530.jpeg,
20250530,control ,control,36,9.62,control_20250530.jpeg,
20250530,control ,control,37,11.15,control_20250530.jpeg,
20250530,control ,control,38,8.71,control_20250530.jpeg,
20250530,control ,control,39,12.14,control_20250530.jpeg,
20250530,control ,control,40,6.66,control_20250530.jpeg,
20250530,control ,control,41,9.08,control_20250530.jpeg,
20250530,control ,control,42,10.48,control_20250530.jpeg,
20250530,control ,control,43,8.06,control_20250530.jpeg,
20250530,control ,control,44,9.5,control_20250530.jpeg,
20250530,control ,control,45,7.82,control_20250530.jpeg,
20250530,control ,control,46,7.64,control_20250530.jpeg,
20250530,control ,control,47,10.15,control_20250530.jpeg,
20250530,control ,control,48,6.67,control_20250530.jpeg,
20250530,control ,control,49,12.3,control_20250530.jpeg,
20250530,control ,control,50,8.72,control_20250530.jpeg,
20250530,control ,control,51,8.11,control_20250530.jpeg,
20250530,control ,control,52,11.55,control_20250530.jpeg,
20250530,control ,control,53,11.74,control_20250530.jpeg,
20250530,control ,control,54,10.42,control_20250530.jpeg,
20250530,control ,control,55,8.68,control_20250530.jpeg,
20250530,control ,control,56,8.03,control_20250530.jpeg,
20250530,control ,control,57,8.12,control_20250530.jpeg,
20250530,control ,control,58,7.53,control_20250530.jpeg,
20250530,control ,control,59,10.19,control_20250530.jpeg,
20250530,control ,control,60,8.6,control_20250530.jpeg,
20250530,control ,control,61,8.98,control_20250530.jpeg,
20250530,control ,control,62,7.5,control_20250530.jpeg,
20250530,control ,control,63,10.34,control_20250530.jpeg,
20250530,control ,control,64,9.88,control_20250530.jpeg,
20250530,control ,control,65,8.01,control_20250530.jpeg,
20250530,control ,control,66,10.32,control_20250530.jpeg,
20250530,control ,control,67,10.46,control_20250530.jpeg,
20250530,control ,control,68,8.12,control_20250530.jpeg,
20250530,control ,control,69,9.71,control_20250530.jpeg,
20250530,control ,control,70,8.85,control_20250530.jpeg,
20250530,control ,control,71,10.32,control_20250530.jpeg,
20250530,control ,control,72,7.7,control_20250530.jpeg,
20250530,control ,control,73,11,control_20250530.jpeg,
20250530,control ,control,74,8.33,control_20250530.jpeg,
20250530,control ,control,75,6.45,control_20250530.jpeg,
20250530,control ,control,76,9.56,control_20250530.jpeg,
20250530,control ,control,77,8.58,control_20250530.jpeg,
20250530,control ,control,78,10.05,control_20250530.jpeg,
20250530,control ,control,79,9.09,control_20250530.jpeg,
20250530,control ,control,80,9.82,control_20250530.jpeg,
20250530,control ,control,81,9.29,control_20250530.jpeg,
20250530,control ,control,82,10.82,control_20250530.jpeg,
20250530,control ,control,83,8.5,control_20250530.jpeg,
20250530,control ,control,84,7.18,control_20250530.jpeg,
20250530,control ,control,85,11.79,control_20250530.jpeg,
20250530,control ,control,86,8.34,control_20250530.jpeg,
20250530,control ,control,87,8.92,control_20250530.jpeg,
20250530,control ,control,88,9.736,control_20250530.jpeg,
20250530,control ,control,89,9.447,control_20250530.jpeg,
20250530,control ,control,90,7.02,control_20250530.jpeg,
20250530,control ,control,91,11.44,control_20250530.jpeg,
20250530,control ,control,92,9.94,control_20250530.jpeg,
20250530,control ,control,93,9.21,control_20250530.jpeg,
20250530,control ,control,94,9.28,control_20250530.jpeg,
20250530,control ,control,95,10.76,control_20250530.jpeg,
20250530,control ,control,96,9.47,control_20250530.jpeg,
20250530,control ,control,97,8.89,control_20250530.jpeg,
20250530,control ,control,98,10.25,control_20250530.jpeg,
20250530,control ,control,99,9.81,control_20250530.jpeg,
20250530,control ,control,100,7.91,control_20250530.jpeg,
20250530,treatment,treatment,1,9.79,treated_20250530.jpeg,
20250530,treatment,treatment,2,11.45,treated_20250530.jpeg,
20250530,treatment,treatment,3,11.63,treated_20250530.jpeg,
20250530,treatment,treatment,4,8.13,treated_20250530.jpeg,
20250530,treatment,treatment,5,9.86,treated_20250530.jpeg,
20250530,treatment,treatment,6,8.48,treated_20250530.jpeg,
20250530,treatment,treatment,7,9.8,treated_20250530.jpeg,
20250530,treatment,treatment,8,7.74,treated_20250530.jpeg,
20250530,treatment,treatment,9,11.23,treated_20250530.jpeg,
20250530,treatment,treatment,10,9.21,treated_20250530.jpeg,
20250530,treatment,treatment,11,9.48,treated_20250530.jpeg,
20250530,treatment,treatment,12,9.48,treated_20250530.jpeg,
20250530,treatment,treatment,13,7.59,treated_20250530.jpeg,
20250530,treatment,treatment,14,9.94,treated_20250530.jpeg,
20250530,treatment,treatment,15,10.2,treated_20250530.jpeg,
20250530,treatment,treatment,16,10.02,treated_20250530.jpeg,
20250530,treatment,treatment,17,7.41,treated_20250530.jpeg,
20250530,treatment,treatment,18,8.7,treated_20250530.jpeg,
20250530,treatment,treatment,19,11.87,treated_20250530.jpeg,
20250530,treatment,treatment,20,8.34,treated_20250530.jpeg,
20250530,treatment,treatment,21,8.86,treated_20250530.jpeg,
20250530,treatment,treatment,22,11.2,treated_20250530.jpeg,
20250530,treatment,treatment,23,9.83,treated_20250530.jpeg,
20250530,treatment,treatment,24,10.91,treated_20250530.jpeg,
20250530,treatment,treatment,25,10.12,treated_20250530.jpeg,
20250530,treatment,treatment,26,7.59,treated_20250530.jpeg,
20250530,treatment,treatment,27,7.93,treated_20250530.jpeg,
20250530,treatment,treatment,28,9.07,treated_20250530.jpeg,
20250530,treatment,treatment,29,9.92,treated_20250530.jpeg,
20250530,treatment,treatment,30,9.31,treated_20250530.jpeg,
20250530,treatment,treatment,31,8.34,treated_20250530.jpeg,
20250530,treatment,treatment,32,8.79,treated_20250530.jpeg,
20250530,treatment,treatment,33,11.02,treated_20250530.jpeg,
20250530,treatment,treatment,34,10.82,treated_20250530.jpeg,
20250530,treatment,treatment,35,8.29,treated_20250530.jpeg,
20250530,treatment,treatment,36,7.03,treated_20250530.jpeg,
20250530,treatment,treatment,37,12.86,treated_20250530.jpeg,
20250530,treatment,treatment,38,10.45,treated_20250530.jpeg,
20250530,treatment,treatment,39,10.85,treated_20250530.jpeg,
20250530,treatment,treatment,40,10.71,treated_20250530.jpeg,
20250530,treatment,treatment,41,8.12,treated_20250530.jpeg,
20250530,treatment,treatment,42,9.66,treated_20250530.jpeg,
20250530,treatment,treatment,43,13.66,treated_20250530.jpeg,
20250530,treatment,treatment,44,8.1,treated_20250530.jpeg,
20250530,treatment,treatment,45,9.4,treated_20250530.jpeg,
20250530,treatment,treatment,46,7.74,treated_20250530.jpeg,
20250530,treatment,treatment,47,11.01,treated_20250530.jpeg,
20250530,treatment,treatment,48,12.89,treated_20250530.jpeg,
20250530,treatment,treatment,49,8.7,treated_20250530.jpeg,
20250530,treatment,treatment,50,9.42,treated_20250530.jpeg,
20250530,treatment,treatment,51,8.37,treated_20250530.jpeg,
20250530,treatment,treatment,52,10,treated_20250530.jpeg,
20250530,treatment,treatment,53,11.62,treated_20250530.jpeg,
20250530,treatment,treatment,54,8.62,treated_20250530.jpeg,
20250530,treatment,treatment,55,12.49,treated_20250530.jpeg,
20250530,treatment,treatment,56,12.26,treated_20250530.jpeg,
20250530,treatment,treatment,57,10.71,treated_20250530.jpeg,
20250530,treatment,treatment,58,8.42,treated_20250530.jpeg,
20250530,treatment,treatment,59,8.49,treated_20250530.jpeg,
20250530,treatment,treatment,60,9.27,treated_20250530.jpeg,
20250530,treatment,treatment,61,8.58,treated_20250530.jpeg,
20250530,treatment,treatment,62,11.63,treated_20250530.jpeg,
20250530,treatment,treatment,63,10,treated_20250530.jpeg,
20250530,treatment,treatment,64,9.87,treated_20250530.jpeg,
20250530,treatment,treatment,65,9.03,treated_20250530.jpeg,
20250530,treatment,treatment,66,9.82,treated_20250530.jpeg,
20250530,treatment,treatment,67,8.74,treated_20250530.jpeg,
20250530,treatment,treatment,68,9.15,treated_20250530.jpeg,
20250530,treatment,treatment,69,8.03,treated_20250530.jpeg,
20250530,treatment,treatment,70,11.3,treated_20250530.jpeg,
20250530,treatment,treatment,71,10.82,treated_20250530.jpeg,
20250530,treatment,treatment,72,6.66,treated_20250530.jpeg,
20250530,treatment,treatment,73,6.66,treated_20250530.jpeg,
20250530,treatment,treatment,74,8.9,treated_20250530.jpeg,
20250530,treatment,treatment,75,10.52,treated_20250530.jpeg,
20250530,treatment,treatment,76,10.17,treated_20250530.jpeg,
20250530,treatment,treatment,77,12.74,treated_20250530.jpeg,
20250530,treatment,treatment,78,9.31,treated_20250530.jpeg,
20250530,treatment,treatment,79,9.1,treated_20250530.jpeg,
20250530,treatment,treatment,80,8.05,treated_20250530.jpeg,
20250530,treatment,treatment,81,7.57,treated_20250530.jpeg,
20250530,treatment,treatment,82,10.17,treated_20250530.jpeg,
20250530,treatment,treatment,83,13.64,treated_20250530.jpeg,
20250530,treatment,treatment,84,11.67,treated_20250530.jpeg,
20250530,treatment,treatment,85,8.49,treated_20250530.jpeg,
20250530,treatment,treatment,86,8.53,treated_20250530.jpeg,
20250530,treatment,treatment,87,11.1,treated_20250530.jpeg,
20250530,treatment,treatment,88,8.03,treated_20250530.jpeg,
20250530,treatment,treatment,89,10.07,treated_20250530.jpeg,
20250530,treatment,treatment,90,9.05,treated_20250530.jpeg,
20250530,treatment,treatment,91,6.94,treated_20250530.jpeg,
20250530,treatment,treatment,92,11.8,treated_20250530.jpeg,
20250530,treatment,treatment,93,10.53,treated_20250530.jpeg,
20250530,treatment,treatment,94,11.37,treated_20250530.jpeg,
20250530,treatment,treatment,95,12.61,treated_20250530.jpeg,
20250530,treatment,treatment,96,11.79,treated_20250530.jpeg,
20250530,treatment,treatment,97,9.33,treated_20250530.jpeg,
20250530,treatment,treatment,98,9.83,treated_20250530.jpeg,
20250530,treatment,treatment,99,8.65,treated_20250530.jpeg,
20250530,treatment,treatment,100,10.44,treated_20250530.jpeg,