image,date,tag,oyster_no,length.mm,width.mm,notes
polyic_outplant_tag013_20250626.jpeg,20250626,13,oyster1,21.63,14.21,
polyic_outplant_tag013_20250626.jpeg,20250626,13,oyster2,23.8,13.33,
polyic_outplant_tag013_20250626.jpeg,20250626,13,oyster3,23.63,12.27,
polyic_outplant_tag013_20250626.jpeg,20250626,13,oyster4,15.43,11.74,
polyic_outplant_tag013_20250626.jpeg,20250626,13,oyster5,23.02,21.98,
polyic_outplant_tag013_20250626.jpeg,20250626,13,oyster6,24.85,17.53,
polyic_outplant_tag013_20250626.jpeg,20250626,13,oyster7,19.02,12.43,
polyic_outplant_tag013_20250626.jpeg,20250626,13,oyster8,19.64,10.11,
polyic_outplant_tag013_20250626.jpeg,20250626,13,oyster9,12.52,6.48,
polyic_outplant_tag013_20250626.jpeg,20250626,13,oyster10,13.83,12.85,
polyic_outplant_tag013_20250626.jpeg,20250626,13,oyster11,19.5,12.85,
polyic_outplant_tag013_20250626.jpeg,20250626,13,oyster12,36.85,10.45,
polyic_outplant_tag013_20250626.jpeg,20250626,13,oyster13,13.98,10.99,
polyic_outplant_tag013_20250626.jpeg,20250626,13,oyster14,19.55,10.65,
polyic_outplant_tag013_20250626.jpeg,20250626,13,oyster15,12.97,9.51,
polyic_outplant_tag013_20250626.jpeg,20250626,13,oyster16,14.08,11.46,
polyic_outplant_tag013_20250626.jpeg,20250626,13,oyster17,21.01,8.49,
polyic_outplant_tag013_20250626.jpeg,20250626,13,oyster18,14.64,11.03,
polyic_outplant_tag013_20250626.jpeg,20250626,13,oyster19,10.32,10,
polyic_outplant_tag013_20250626.jpeg,20250626,13,oyster20,12.72,8.54,
polyic_outplant_tag013_20250626.jpeg,20250626,13,oyster21,12.73,12.31,
polyic_outplant_tag013_20250626.jpeg,20250626,13,oyster22,18.93,11.09,
polyic_outplant_tag013_20250626.jpeg,20250626,13,oyster23,13.08,6.87,
polyic_outplant_tag013_20250626.jpeg,20250626,13,oyster24,12.87,11.25,
polyic_outplant_tag013_20250626.jpeg,20250626,13,oyster25,12.96,8.35,
polyic_outplant_tag013_20250626.jpeg,20250626,13,oyster26,11.98,9.59,
polyic_outplant_tag013_20250626.jpeg,20250626,13,oyster27,15.26,14.3,
polyic_outplant_tag013_20250626.jpeg,20250626,13,oyster28,13.61,12.27,
polyic_outplant_tag013_20250626.jpeg,20250626,13,oyster29,21.56,12.36,
polyic_outplant_tag013_20250626.jpeg,20250626,13,oyster30,9.69,8.39,
polyic_outplant_tag013_20250626.jpeg,20250626,13,oyster31,12.99,7.6,
polyic_outplant_tag013_20250626.jpeg,20250626,13,oyster32,17.9,10.36,
polyic_outplant_tag013_20250626.jpeg,20250626,13,oyster33,8.73,7.49,
polyic_outplant_tag013_20250626.jpeg,20250626,13,oyster34,11.85,11.39,
polyic_outplant_tag013_20250626.jpeg,20250626,13,oyster35,11.11,10.85,
polyic_outplant_tag013_20250626.jpeg,20250626,13,oyster36,11.38,10.34,
polyic_outplant_tag013_20250626.jpeg,20250626,13,oyster37,10.42,7.95,
polyic_outplant_tag013_20250626.jpeg,20250626,13,oyster38,15.61,10.86,
polyic_outplant_tag013_20250626.jpeg,20250626,13,oyster39,13.63,10.26,
polyic_outplant_tag013_20250626.jpeg,20250626,13,oyster40,13.47,10.39,
polyic_outplant_tag013_20250626.jpeg,20250626,13,oyster41,11.53,9.8,
polyic_outplant_tag013_20250626.jpeg,20250626,13,oyster42,10.1,8.6,
polyic_outplant_tag013_20250626.jpeg,20250626,13,oyster43,9.18,7.71,
polyic_outplant_tag013_20250626.jpeg,20250626,13,oyster44,18.85,10.84,
polyic_outplant_tag013_20250626.jpeg,20250626,13,oyster45,34,12.34,
polyic_outplant_tag013_20250626.jpeg,20250626,13,oyster46,12.53,4.55,
polyic_outplant_tag013_20250626.jpeg,20250626,13,oyster47,11.95,11.23,
polyic_outplant_tag013_20250626.jpeg,20250626,13,oyster48,10.19,7.56,
polyic_outplant_tag013_20250626.jpeg,20250626,13,oyster49,11.53,10.77,
polyic_outplant_tag013_20250626.jpeg,20250626,13,oyster50,10.83,7.03,
polyic_outplant_tag013_20250626.jpeg,20250626,13,oyster51,12.48,8.54,
polyic_outplant_tag013_20250626.jpeg,20250626,13,oyster52,13.61,9.54,
polyic_outplant_tag013_20250626.jpeg,20250626,13,oyster53,12.59,6.8,
polyic_outplant_tag013_20250626.jpeg,20250626,13,oyster54,15.6,7.76,
polyic_outplant_tag013_20250626.jpeg,20250626,13,oyster55,11.35,8.7,
polyic_outplant_tag013_20250626.jpeg,20250626,13,oyster56,7.93,7.84,
polyic_outplant_tag013_20250626.jpeg,20250626,13,oyster57,17.02,7.04,
polyic_outplant_tag013_20250626.jpeg,20250626,13,oyster58,13.81,6.83,
polyic_outplant_tag013_20250626.jpeg,20250626,13,oyster59,8.41,8.23,
polyic_outplant_tag013_20250626.jpeg,20250626,13,oyster60,12.18,7.35,
polyic_outplant_tag013_20250626.jpeg,20250626,13,oyster61,13.8,6.46,
polyic_outplant_tag013_20250626.jpeg,20250626,13,oyster62,10.91,6.98,
polyic_outplant_tag013_20250626.jpeg,20250626,13,oyster63,12.4,6.2,
polyic_outplant_tag013_20250626.jpeg,20250626,13,oyster64,10.55,6.78,
polyic_outplant_tag013_20250626.jpeg,20250626,13,oyster65,18.21,5.62,
polyic_outplant_tag013_20250626.jpeg,20250626,13,oyster66,12.43,7.29,
polyic_outplant_tag013_20250626.jpeg,20250626,13,oyster67,15.58,6.67,
polyic_outplant_tag013_20250626.jpeg,20250626,13,oyster68,10.7,5.42,
polyic_outplant_tag013_20250626.jpeg,20250626,13,oyster69,8.49,5.6,
polyic_outplant_tag013_20250626.jpeg,20250626,13,oyster70,37.72,6.1,
polyic_outplant_tag013_20250626.jpeg,20250626,13,oyster71,7.96,5.89,
polyic_outplant_tag013_20250626.jpeg,20250626,13,oyster72,29.79,2.63,
polyic_outplant_tag013_20250626.jpeg,20250626,13,oyster73,12.53,6.49,
polyic_outplant_tag013_20250626.jpeg,20250626,13,oyster74,9.81,5.96,
polyic_outplant_tag013_20250626.jpeg,20250626,13,oyster75,10.2,5.24,
polyic_outplant_tag013_20250626.jpeg,20250626,13,oyster76,8.69,6.63,
polyic_outplant_tag013_20250626.jpeg,20250626,13,oyster77,13.62,6.66,
polyic_outplant_tag013_20250626.jpeg,20250626,13,oyster78,10.5,5.6,
polyic_outplant_tag013_20250626.jpeg,20250626,13,oyster79,15.28,6.44,
polyic_outplant_tag013_20250626.jpeg,20250626,13,oyster80,10.08,5.51,
polyic_outplant_tag013_20250626.jpeg,20250626,13,oyster81,9.5,6.96,
polyic_outplant_tag013_20250626.jpeg,20250626,13,oyster82,10.82,5.37,
polyic_outplant_tag013_20250626.jpeg,20250626,13,oyster83,7.95,5.62,
polyic_outplant_tag013_20250626.jpeg,20250626,13,oyster84,10.25,5.53,
polyic_outplant_tag013_20250626.jpeg,20250626,13,oyster85,10.77,6.52,
polyic_outplant_tag013_20250626.jpeg,20250626,13,oyster86,9.48,3.97,
polyic_outplant_tag013_20250626.jpeg,20250626,13,oyster87,15.56,5.75,
polyic_outplant_tag013_20250626.jpeg,20250626,13,oyster88,9.45,6.34,
polyic_outplant_tag013_20250626.jpeg,20250626,13,oyster89,8.76,3.78,
polyic_outplant_tag013_20250626.jpeg,20250626,13,oyster90,8.99,6.65,
polyic_outplant_tag013_20250626.jpeg,20250626,13,oyster91,11.24,6.24,
polyic_outplant_tag013_20250626.jpeg,20250626,13,oyster92,16.6,7.38,
polyic_outplant_tag013_20250626.jpeg,20250626,13,oyster93,8.35,7.4,
polyic_outplant_tag013_20250626.jpeg,20250626,13,oyster94,7.42,6.26,
polyic_outplant_tag013_20250626.jpeg,20250626,13,oyster95,8.02,5.08,
polyic_outplant_tag013_20250626.jpeg,20250626,13,oyster96,8.2,6.57,
polyic_outplant_tag013_20250626.jpeg,20250626,13,oyster97,7.18,6.56,
polyic_outplant_tag013_20250626.jpeg,20250626,13,oyster98,9.03,6.31,
polyic_outplant_tag013_20250626.jpeg,20250626,13,oyster99,7,5.5,
polyic_outplant_tag013_20250626.jpeg,20250626,13,oyster100,10.57,6.37,
polyic_outplant_tag013_20250626.jpeg,20250626,13,oyster101,11.16,8.5,
polyic_outplant_tag013_20250626.jpeg,20250626,13,oyster102,9.42,5.18,
polyic_outplant_tag013_20250626.jpeg,20250626,13,oyster103,9.71,8.24,
polyic_outplant_tag013_20250626.jpeg,20250626,13,oyster104,7.52,4.17,
polyic_outplant_tag013_20250626.jpeg,20250626,13,oyster105,12.02,3.77,
polyic_outplant_tag013_20250626.jpeg,20250626,13,oyster106,5.21,4.9,
polyic_outplant_tag013_20250626.jpeg,20250626,13,oyster107,11.86,6.48,
polyic_outplant_tag013_20250626.jpeg,20250626,13,oyster108,4.62,4.51,
polyic_outplant_tag013_20250626.jpeg,20250626,13,oyster109,10.88,5.34,
polyic_outplant_tag013_20250626.jpeg,20250626,13,oyster110,11.57,6.59,
polyic_outplant_tag013_20250626.jpeg,20250626,13,oyster111,8.11,4.48,
polyic_outplant_tag013_20250626.jpeg,20250626,13,oyster112,12.63,8.79,
polyic_outplant_tag013_20250626.jpeg,20250626,13,oyster113,7.08,4.37,
polyic_outplant_tag013_20250626.jpeg,20250626,13,oyster114,11.13,4.77,
polyic_outplant_tag013_20250626.jpeg,20250626,13,oyster115,6.84,4.35,
polyic_outplant_tag013_20250626.jpeg,20250626,13,oyster116,9.42,5.77,
polyic_outplant_tag013_20250626.jpeg,20250626,13,oyster117,10.36,6.27,
polyic_outplant_tag013_20250626.jpeg,20250626,13,oyster118,12.86,3.51,
polyic_outplant_tag013_20250626.jpeg,20250626,13,oyster119,17.52,2.4,
polyic_outplant_tag013_20250626.jpeg,20250626,13,oyster120,9.8,3.8,
polyic_outplant_tag013_20250626.jpeg,20250626,13,oyster121,8.14,3.46,
polyic_outplant_tag013_20250626.jpeg,20250626,13,oyster122,6.26,3.88,
polyic_outplant_tag013_20250626.jpeg,20250626,13,oyster123,6.87,3.59,
polyic_outplant_tag013_20250626.jpeg,20250626,13,oyster124,8.02,3.93,
polyic_outplant_tag014_20250626.jpeg,20250626,14,oyster1,29.91,26.34,
polyic_outplant_tag014_20250626.jpeg,20250626,14,oyster2,22.78,20.48,
polyic_outplant_tag014_20250626.jpeg,20250626,14,oyster3,58.8,5.36,
polyic_outplant_tag014_20250626.jpeg,20250626,14,oyster4,22.14,18.04,
polyic_outplant_tag014_20250626.jpeg,20250626,14,oyster5,14.67,11.93,
polyic_outplant_tag014_20250626.jpeg,20250626,14,oyster6,12.8,6.71,
polyic_outplant_tag014_20250626.jpeg,20250626,14,oyster7,14.96,10.78,
polyic_outplant_tag014_20250626.jpeg,20250626,14,oyster8,13,12.53,
polyic_outplant_tag014_20250626.jpeg,20250626,14,oyster9,19.82,12.58,
polyic_outplant_tag014_20250626.jpeg,20250626,14,oyster10,16.25,9.58,
polyic_outplant_tag014_20250626.jpeg,20250626,14,oyster11,16.89,8.17,
polyic_outplant_tag014_20250626.jpeg,20250626,14,oyster12,16.79,11.13,
polyic_outplant_tag014_20250626.jpeg,20250626,14,oyster13,25.57,13.5,
polyic_outplant_tag014_20250626.jpeg,20250626,14,oyster14,13.68,13.64,
polyic_outplant_tag014_20250626.jpeg,20250626,14,oyster15,23.2,11.87,
polyic_outplant_tag014_20250626.jpeg,20250626,14,oyster16,15.84,11.23,
polyic_outplant_tag014_20250626.jpeg,20250626,14,oyster17,19.36,13.77,
polyic_outplant_tag014_20250626.jpeg,20250626,14,oyster18,10.31,9.97,
polyic_outplant_tag014_20250626.jpeg,20250626,14,oyster19,13,10.73,
polyic_outplant_tag014_20250626.jpeg,20250626,14,oyster20,13.61,11.63,
polyic_outplant_tag014_20250626.jpeg,20250626,14,oyster21,13.93,8.5,
polyic_outplant_tag014_20250626.jpeg,20250626,14,oyster22,14.32,14.28,
polyic_outplant_tag014_20250626.jpeg,20250626,14,oyster23,13.56,10.75,
polyic_outplant_tag014_20250626.jpeg,20250626,14,oyster24,12.81,10.9,
polyic_outplant_tag014_20250626.jpeg,20250626,14,oyster25,16.25,15.55,
polyic_outplant_tag014_20250626.jpeg,20250626,14,oyster26,14.63,9.67,
polyic_outplant_tag014_20250626.jpeg,20250626,14,oyster27,13.9,13.43,
polyic_outplant_tag014_20250626.jpeg,20250626,14,oyster28,20.98,9.13,
polyic_outplant_tag014_20250626.jpeg,20250626,14,oyster29,17.23,12.74,
polyic_outplant_tag014_20250626.jpeg,20250626,14,oyster30,13.67,9.78,
polyic_outplant_tag014_20250626.jpeg,20250626,14,oyster31,14.36,12.11,
polyic_outplant_tag014_20250626.jpeg,20250626,14,oyster32,11.67,10.38,
polyic_outplant_tag014_20250626.jpeg,20250626,14,oyster33,12.75,12.28,
polyic_outplant_tag014_20250626.jpeg,20250626,14,oyster34,14.32,14.26,
polyic_outplant_tag014_20250626.jpeg,20250626,14,oyster35,15.74,15.51,
polyic_outplant_tag014_20250626.jpeg,20250626,14,oyster36,11.35,8.04,
polyic_outplant_tag014_20250626.jpeg,20250626,14,oyster37,14.56,6.75,
polyic_outplant_tag014_20250626.jpeg,20250626,14,oyster38,10.34,8.94,
polyic_outplant_tag014_20250626.jpeg,20250626,14,oyster39,13.25,7.8,
polyic_outplant_tag014_20250626.jpeg,20250626,14,oyster40,11.64,8.47,
polyic_outplant_tag014_20250626.jpeg,20250626,14,oyster41,12.71,7.42,
polyic_outplant_tag014_20250626.jpeg,20250626,14,oyster42,15.23,14.82,
polyic_outplant_tag014_20250626.jpeg,20250626,14,oyster43,11.48,10.93,
polyic_outplant_tag014_20250626.jpeg,20250626,14,oyster44,10.36,8.37,
polyic_outplant_tag014_20250626.jpeg,20250626,14,oyster45,16.92,7.46,
polyic_outplant_tag014_20250626.jpeg,20250626,14,oyster46,11.61,7.64,
polyic_outplant_tag014_20250626.jpeg,20250626,14,oyster47,15.97,9.58,
polyic_outplant_tag014_20250626.jpeg,20250626,14,oyster48,12.19,8.29,
polyic_outplant_tag014_20250626.jpeg,20250626,14,oyster49,13.75,7.86,
polyic_outplant_tag014_20250626.jpeg,20250626,14,oyster50,16.54,14.26,
polyic_outplant_tag014_20250626.jpeg,20250626,14,oyster51,15.21,8.31,
polyic_outplant_tag014_20250626.jpeg,20250626,14,oyster52,12.63,7.24,
polyic_outplant_tag014_20250626.jpeg,20250626,14,oyster53,41.68,7.61,
polyic_outplant_tag014_20250626.jpeg,20250626,14,oyster54,10.76,6.63,
polyic_outplant_tag014_20250626.jpeg,20250626,14,oyster55,15.42,9.17,
polyic_outplant_tag014_20250626.jpeg,20250626,14,oyster56,13.48,6.6,
polyic_outplant_tag014_20250626.jpeg,20250626,14,oyster57,11.32,8,
polyic_outplant_tag014_20250626.jpeg,20250626,14,oyster58,12.42,9.79,
polyic_outplant_tag014_20250626.jpeg,20250626,14,oyster59,10.4,8.92,
polyic_outplant_tag014_20250626.jpeg,20250626,14,oyster60,11.45,8.9,
polyic_outplant_tag014_20250626.jpeg,20250626,14,oyster61,22.4,10.04,
polyic_outplant_tag014_20250626.jpeg,20250626,14,oyster62,15.8,7.42,
polyic_outplant_tag014_20250626.jpeg,20250626,14,oyster63,7.81,4.86,
polyic_outplant_tag014_20250626.jpeg,20250626,14,oyster64,10.91,6.09,
polyic_outplant_tag014_20250626.jpeg,20250626,14,oyster65,14.49,3.93,
polyic_outplant_tag014_20250626.jpeg,20250626,14,oyster66,8.86,4.91,
polyic_outplant_tag014_20250626.jpeg,20250626,14,oyster67,12.31,5.2,
polyic_outplant_tag014_20250626.jpeg,20250626,14,oyster68,10.88,7.95,
polyic_outplant_tag014_20250626.jpeg,20250626,14,oyster69,11.34,6.06,
polyic_outplant_tag014_20250626.jpeg,20250626,14,oyster70,10.62,9.34,
polyic_outplant_tag014_20250626.jpeg,20250626,14,oyster71,12.8,6.64,
polyic_outplant_tag014_20250626.jpeg,20250626,14,oyster72,16.7,6.06,
polyic_outplant_tag014_20250626.jpeg,20250626,14,oyster73,7.23,4.32,
polyic_outplant_tag014_20250626.jpeg,20250626,14,oyster74,13.01,4.71,
polyic_outplant_tag014_20250626.jpeg,20250626,14,oyster75,16.45,8.77,
polyic_outplant_tag014_20250626.jpeg,20250626,14,oyster76,10.79,6.65,
polyic_outplant_tag014_20250626.jpeg,20250626,14,oyster77,11.33,7.19,
polyic_outplant_tag014_20250626.jpeg,20250626,14,oyster78,7.74,5.77,
polyic_outplant_tag014_20250626.jpeg,20250626,14,oyster79,13.88,4.53,
polyic_outplant_tag014_20250626.jpeg,20250626,14,oyster80,10.17,6.69,
polyic_outplant_tag014_20250626.jpeg,20250626,14,oyster81,12.87,7.08,
polyic_outplant_tag014_20250626.jpeg,20250626,14,oyster82,10.07,6.23,
polyic_outplant_tag014_20250626.jpeg,20250626,14,oyster83,13.33,3.09,
polyic_outplant_tag014_20250626.jpeg,20250626,14,oyster84,10.54,5.9,
polyic_outplant_tag014_20250626.jpeg,20250626,14,oyster85,10.28,6.02,
polyic_outplant_tag014_20250626.jpeg,20250626,14,oyster86,24.23,1.48,
polyic_outplant_tag014_20250626.jpeg,20250626,14,oyster87,5.3,5.28,
polyic_outplant_tag014_20250626.jpeg,20250626,14,oyster88,11.91,3.99,
polyic_outplant_tag014_20250626.jpeg,20250626,14,oyster89,11.9,4.35,
polyic_outplant_tag014_20250626.jpeg,20250626,14,oyster90,7.19,5.6,
polyic_outplant_tag014_20250626.jpeg,20250626,14,oyster91,10.47,5.38,
polyic_outplant_tag014_20250626.jpeg,20250626,14,oyster92,10.36,4.52,
polyic_outplant_tag014_20250626.jpeg,20250626,14,oyster93,11.84,4.66,
polyic_outplant_tag014_20250626.jpeg,20250626,14,oyster94,6.56,5.53,
polyic_outplant_tag014_20250626.jpeg,20250626,14,oyster95,10.54,3.94,
polyic_outplant_tag014_20250626.jpeg,20250626,14,oyster96,9.96,7.5,
polyic_outplant_tag014_20250626.jpeg,20250626,14,oyster97,11.57,5.31,
polyic_outplant_tag014_20250626.jpeg,20250626,14,oyster98,9.43,5.3,
polyic_outplant_tag014_20250626.jpeg,20250626,14,oyster99,9.93,5.11,
polyic_outplant_tag014_20250626.jpeg,20250626,14,oyster100,6.82,6.68,
polyic_outplant_tag014_20250626.jpeg,20250626,14,oyster101,12.75,8.83,
polyic_outplant_tag014_20250626.jpeg,20250626,14,oyster102,7.51,5.73,
polyic_outplant_tag014_20250626.jpeg,20250626,14,oyster103,9.71,4.37,
polyic_outplant_tag014_20250626.jpeg,20250626,14,oyster104,6.36,3.9,
polyic_outplant_tag014_20250626.jpeg,20250626,14,oyster105,9,4.35,
polyic_outplant_tag014_20250626.jpeg,20250626,14,oyster106,7.11,3.84,
polyic_outplant_tag014_20250626.jpeg,20250626,14,oyster107,8.55,6.27,
polyic_outplant_tag014_20250626.jpeg,20250626,14,oyster108,6.01,4.45,
polyic_outplant_tag014_20250626.jpeg,20250626,14,oyster109,11.17,5.17,
polyic_outplant_tag014_20250626.jpeg,20250626,14,oyster110,11.54,4.71,
polyic_outplant_tag014_20250626.jpeg,20250626,14,oyster111,7.44,3.18,
polyic_outplant_tag014_20250626.jpeg,20250626,14,oyster112,8.85,5.26,
polyic_outplant_tag015_20250626.jpeg,20250626,15,oyster1,20.29,15.71,
polyic_outplant_tag015_20250626.jpeg,20250626,15,oyster2,29.56,17.48,
polyic_outplant_tag015_20250626.jpeg,20250626,15,oyster3,28.63,21.01,
polyic_outplant_tag015_20250626.jpeg,20250626,15,oyster4,22.2,22.2,
polyic_outplant_tag015_20250626.jpeg,20250626,15,oyster5,21.82,15.1,
polyic_outplant_tag015_20250626.jpeg,20250626,15,oyster6,12.23,11.46,
polyic_outplant_tag015_20250626.jpeg,20250626,15,oyster7,15.54,15.02,
polyic_outplant_tag015_20250626.jpeg,20250626,15,oyster8,21.28,15.17,
polyic_outplant_tag015_20250626.jpeg,20250626,15,oyster9,17.99,11.09,
polyic_outplant_tag015_20250626.jpeg,20250626,15,oyster10,21.08,18.43,
polyic_outplant_tag015_20250626.jpeg,20250626,15,oyster11,15.41,11.27,
polyic_outplant_tag015_20250626.jpeg,20250626,15,oyster12,15.74,13.87,
polyic_outplant_tag015_20250626.jpeg,20250626,15,oyster13,12.81,6.01,
polyic_outplant_tag015_20250626.jpeg,20250626,15,oyster14,13.11,12.53,
polyic_outplant_tag015_20250626.jpeg,20250626,15,oyster15,11.8,8.51,
polyic_outplant_tag015_20250626.jpeg,20250626,15,oyster16,20.05,11.77,
polyic_outplant_tag015_20250626.jpeg,20250626,15,oyster17,14.95,10.81,
polyic_outplant_tag015_20250626.jpeg,20250626,15,oyster18,19.9,10.94,
polyic_outplant_tag015_20250626.jpeg,20250626,15,oyster19,14,10.1,
polyic_outplant_tag015_20250626.jpeg,20250626,15,oyster20,14.93,12.91,
polyic_outplant_tag015_20250626.jpeg,20250626,15,oyster21,18.52,11.91,
polyic_outplant_tag015_20250626.jpeg,20250626,15,oyster22,16.93,15.4,
polyic_outplant_tag015_20250626.jpeg,20250626,15,oyster23,18.81,13.26,
polyic_outplant_tag015_20250626.jpeg,20250626,15,oyster24,18.32,10.13,
polyic_outplant_tag015_20250626.jpeg,20250626,15,oyster25,18.93,13.36,
polyic_outplant_tag015_20250626.jpeg,20250626,15,oyster26,20.89,9.9,
polyic_outplant_tag015_20250626.jpeg,20250626,15,oyster27,15.43,12.83,
polyic_outplant_tag015_20250626.jpeg,20250626,15,oyster28,16.29,8.9,
polyic_outplant_tag015_20250626.jpeg,20250626,15,oyster29,17.42,11.66,
polyic_outplant_tag015_20250626.jpeg,20250626,15,oyster30,16.02,7.77,
polyic_outplant_tag015_20250626.jpeg,20250626,15,oyster31,13.25,12.29,
polyic_outplant_tag015_20250626.jpeg,20250626,15,oyster32,14.22,10.58,
polyic_outplant_tag015_20250626.jpeg,20250626,15,oyster33,14.43,11.42,
polyic_outplant_tag015_20250626.jpeg,20250626,15,oyster34,16.11,10.82,
polyic_outplant_tag015_20250626.jpeg,20250626,15,oyster35,14.31,11.34,
polyic_outplant_tag015_20250626.jpeg,20250626,15,oyster36,25.19,21.98,
polyic_outplant_tag015_20250626.jpeg,20250626,15,oyster37,14.04,10.69,
polyic_outplant_tag015_20250626.jpeg,20250626,15,oyster38,15.11,10.26,
polyic_outplant_tag015_20250626.jpeg,20250626,15,oyster39,40.34,7.05,
polyic_outplant_tag015_20250626.jpeg,20250626,15,oyster40,11.09,9.27,
polyic_outplant_tag015_20250626.jpeg,20250626,15,oyster41,12.25,9.88,
polyic_outplant_tag015_20250626.jpeg,20250626,15,oyster42,11.27,10.6,
polyic_outplant_tag015_20250626.jpeg,20250626,15,oyster43,12.49,7.05,
polyic_outplant_tag015_20250626.jpeg,20250626,15,oyster44,14.81,9.38,
polyic_outplant_tag015_20250626.jpeg,20250626,15,oyster45,18.63,12.77,
polyic_outplant_tag015_20250626.jpeg,20250626,15,oyster46,13.73,6.79,
polyic_outplant_tag015_20250626.jpeg,20250626,15,oyster47,15.08,12.1,
polyic_outplant_tag015_20250626.jpeg,20250626,15,oyster48,10.26,9,
polyic_outplant_tag015_20250626.jpeg,20250626,15,oyster49,8.79,7.6,
polyic_outplant_tag015_20250626.jpeg,20250626,15,oyster50,12.03,8.64,
polyic_outplant_tag015_20250626.jpeg,20250626,15,oyster51,13.02,9.76,
polyic_outplant_tag015_20250626.jpeg,20250626,15,oyster52,14.5,5.58,
polyic_outplant_tag015_20250626.jpeg,20250626,15,oyster53,12.88,6.09,
polyic_outplant_tag015_20250626.jpeg,20250626,15,oyster54,28.24,7.39,
polyic_outplant_tag015_20250626.jpeg,20250626,15,oyster55,14.16,6.38,
polyic_outplant_tag015_20250626.jpeg,20250626,15,oyster56,12.57,10.24,
polyic_outplant_tag015_20250626.jpeg,20250626,15,oyster57,7.05,6.84,
polyic_outplant_tag015_20250626.jpeg,20250626,15,oyster58,17.22,7.68,
polyic_outplant_tag015_20250626.jpeg,20250626,15,oyster59,13.23,8.63,
polyic_outplant_tag015_20250626.jpeg,20250626,15,oyster60,13.75,6.26,
polyic_outplant_tag015_20250626.jpeg,20250626,15,oyster61,16.72,4.88,
polyic_outplant_tag015_20250626.jpeg,20250626,15,oyster62,14.27,6.47,
polyic_outplant_tag015_20250626.jpeg,20250626,15,oyster63,13.42,4.99,
polyic_outplant_tag015_20250626.jpeg,20250626,15,oyster64,18.36,5.23,
polyic_outplant_tag015_20250626.jpeg,20250626,15,oyster65,17.29,5.54,
polyic_outplant_tag015_20250626.jpeg,20250626,15,oyster66,16.36,8.01,
polyic_outplant_tag015_20250626.jpeg,20250626,15,oyster67,11.65,8.25,
polyic_outplant_tag015_20250626.jpeg,20250626,15,oyster68,17.11,8.84,
polyic_outplant_tag015_20250626.jpeg,20250626,15,oyster69,9.54,6.33,
polyic_outplant_tag015_20250626.jpeg,20250626,15,oyster70,9.77,5.64,
polyic_outplant_tag015_20250626.jpeg,20250626,15,oyster71,9.07,8.53,
polyic_outplant_tag015_20250626.jpeg,20250626,15,oyster72,9.57,5.43,
polyic_outplant_tag015_20250626.jpeg,20250626,15,oyster73,8.85,8.6,
polyic_outplant_tag015_20250626.jpeg,20250626,15,oyster74,15.41,6.36,
polyic_outplant_tag015_20250626.jpeg,20250626,15,oyster75,12.76,4.23,
polyic_outplant_tag015_20250626.jpeg,20250626,15,oyster76,8.6,5.82,
polyic_outplant_tag015_20250626.jpeg,20250626,15,oyster77,14.15,6.68,
polyic_outplant_tag015_20250626.jpeg,20250626,15,oyster78,13.12,7.27,
polyic_outplant_tag015_20250626.jpeg,20250626,15,oyster79,6.9,5.8,
polyic_outplant_tag015_20250626.jpeg,20250626,15,oyster80,11.6,5.92,
polyic_outplant_tag015_20250626.jpeg,20250626,15,oyster81,14.61,3.82,
polyic_outplant_tag015_20250626.jpeg,20250626,15,oyster82,9.3,8.06,
polyic_outplant_tag015_20250626.jpeg,20250626,15,oyster83,9.65,8.27,
polyic_outplant_tag015_20250626.jpeg,20250626,15,oyster84,15.41,4.38,
polyic_outplant_tag015_20250626.jpeg,20250626,15,oyster85,7.88,6.04,
polyic_outplant_tag015_20250626.jpeg,20250626,15,oyster86,8.25,6.68,
polyic_outplant_tag015_20250626.jpeg,20250626,15,oyster87,11.53,4.73,
polyic_outplant_tag015_20250626.jpeg,20250626,15,oyster88,15.81,6.44,
polyic_outplant_tag015_20250626.jpeg,20250626,15,oyster89,9.16,5.61,
polyic_outplant_tag015_20250626.jpeg,20250626,15,oyster90,6.47,5.83,
polyic_outplant_tag015_20250626.jpeg,20250626,15,oyster91,10.01,5.68,
polyic_outplant_tag015_20250626.jpeg,20250626,15,oyster92,14.85,6.71,
polyic_outplant_tag015_20250626.jpeg,20250626,15,oyster93,14.82,3.65,
polyic_outplant_tag015_20250626.jpeg,20250626,15,oyster94,8.35,5.43,
polyic_outplant_tag015_20250626.jpeg,20250626,15,oyster95,16.5,4.36,
polyic_outplant_tag015_20250626.jpeg,20250626,15,oyster96,8.2,6.1,
polyic_outplant_tag015_20250626.jpeg,20250626,15,oyster97,9.33,6.77,
polyic_outplant_tag015_20250626.jpeg,20250626,15,oyster98,9.23,4.59,
polyic_outplant_tag015_20250626.jpeg,20250626,15,oyster99,7.11,6.65,
polyic_outplant_tag015_20250626.jpeg,20250626,15,oyster100,10.98,5.5,
polyic_outplant_tag015_20250626.jpeg,20250626,15,oyster101,10.45,7.72,
polyic_outplant_tag015_20250626.jpeg,20250626,15,oyster102,12,4.69,
polyic_outplant_tag015_20250626.jpeg,20250626,15,oyster103,6.62,5.12,
polyic_outplant_tag015_20250626.jpeg,20250626,15,oyster104,9.69,4.43,
polyic_outplant_tag015_20250626.jpeg,20250626,15,oyster105,9.56,5.39,
polyic_outplant_tag015_20250626.jpeg,20250626,15,oyster106,14.51,5.15,
polyic_outplant_tag015_20250626.jpeg,20250626,15,oyster107,14.53,5.09,
polyic_outplant_tag015_20250626.jpeg,20250626,15,oyster108,9.83,6.19,
polyic_outplant_tag015_20250626.jpeg,20250626,15,oyster109,8.75,4.51,
polyic_outplant_tag015_20250626.jpeg,20250626,15,oyster110,7.46,4.97,
polyic_outplant_tag015_20250626.jpeg,20250626,15,oyster111,10.81,3.21,
polyic_outplant_tag015_20250626.jpeg,20250626,15,oyster112,6.55,4.14,
polyic_outplant_tag015_20250626.jpeg,20250626,15,oyster113,5.95,4.69,
polyic_outplant_tag015_20250626.jpeg,20250626,15,oyster114,8.01,6.88,
polyic_outplant_tag015_20250626.jpeg,20250626,15,oyster115,8.5,3.76,
polyic_outplant_tag015_20250626.jpeg,20250626,15,oyster116,10.28,5.52,
polyic_outplant_tag016_20250626.jpeg,20250626,16,oyster1,16.12,14.59,
polyic_outplant_tag016_20250626.jpeg,20250626,16,oyster2,17.61,12.8,
polyic_outplant_tag016_20250626.jpeg,20250626,16,oyster3,33.27,14.44,
polyic_outplant_tag016_20250626.jpeg,20250626,16,oyster4,22.59,18.03,
polyic_outplant_tag016_20250626.jpeg,20250626,16,oyster5,16.45,10.67,
polyic_outplant_tag016_20250626.jpeg,20250626,16,oyster6,25.42,15.23,
polyic_outplant_tag016_20250626.jpeg,20250626,16,oyster7,21.46,21.12,
polyic_outplant_tag016_20250626.jpeg,20250626,16,oyster8,18.15,11.26,
polyic_outplant_tag016_20250626.jpeg,20250626,16,oyster9,25.74,17.07,
polyic_outplant_tag016_20250626.jpeg,20250626,16,oyster10,22.98,16.09,
polyic_outplant_tag016_20250626.jpeg,20250626,16,oyster11,26.88,13.25,
polyic_outplant_tag016_20250626.jpeg,20250626,16,oyster12,16.03,12.38,
polyic_outplant_tag016_20250626.jpeg,20250626,16,oyster13,17.54,13.51,
polyic_outplant_tag016_20250626.jpeg,20250626,16,oyster14,14.16,13.77,
polyic_outplant_tag016_20250626.jpeg,20250626,16,oyster15,18.9,11.55,
polyic_outplant_tag016_20250626.jpeg,20250626,16,oyster16,14.76,12.25,
polyic_outplant_tag016_20250626.jpeg,20250626,16,oyster17,14.94,9.92,
polyic_outplant_tag016_20250626.jpeg,20250626,16,oyster18,12.55,6.44,
polyic_outplant_tag016_20250626.jpeg,20250626,16,oyster19,22.53,15.83,
polyic_outplant_tag016_20250626.jpeg,20250626,16,oyster20,24.01,15.8,
polyic_outplant_tag016_20250626.jpeg,20250626,16,oyster21,16,13.3,
polyic_outplant_tag016_20250626.jpeg,20250626,16,oyster22,12.59,6.34,
polyic_outplant_tag016_20250626.jpeg,20250626,16,oyster23,19.68,12.86,
polyic_outplant_tag016_20250626.jpeg,20250626,16,oyster24,23.27,19.37,
polyic_outplant_tag016_20250626.jpeg,20250626,16,oyster25,13.47,10.9,
polyic_outplant_tag016_20250626.jpeg,20250626,16,oyster26,18,14.71,
polyic_outplant_tag016_20250626.jpeg,20250626,16,oyster27,24.08,11.27,
polyic_outplant_tag016_20250626.jpeg,20250626,16,oyster28,15.77,12.01,
polyic_outplant_tag016_20250626.jpeg,20250626,16,oyster29,13.52,10.08,
polyic_outplant_tag016_20250626.jpeg,20250626,16,oyster30,13.4,9.79,
polyic_outplant_tag016_20250626.jpeg,20250626,16,oyster31,14.42,12.38,
polyic_outplant_tag016_20250626.jpeg,20250626,16,oyster32,30.66,17.9,
polyic_outplant_tag016_20250626.jpeg,20250626,16,oyster33,13.09,9.66,
polyic_outplant_tag016_20250626.jpeg,20250626,16,oyster34,12.85,12.47,
polyic_outplant_tag016_20250626.jpeg,20250626,16,oyster35,15.34,10.74,
polyic_outplant_tag016_20250626.jpeg,20250626,16,oyster36,18.67,11.75,
polyic_outplant_tag016_20250626.jpeg,20250626,16,oyster37,18.2,9.43,
polyic_outplant_tag016_20250626.jpeg,20250626,16,oyster38,16.94,8.64,
polyic_outplant_tag016_20250626.jpeg,20250626,16,oyster39,16.32,12.34,
polyic_outplant_tag016_20250626.jpeg,20250626,16,oyster40,13.68,9.88,
polyic_outplant_tag016_20250626.jpeg,20250626,16,oyster41,20.51,10.28,
polyic_outplant_tag016_20250626.jpeg,20250626,16,oyster42,18.21,8.23,
polyic_outplant_tag016_20250626.jpeg,20250626,16,oyster43,13.33,9.17,
polyic_outplant_tag016_20250626.jpeg,20250626,16,oyster44,18.13,7.93,
polyic_outplant_tag016_20250626.jpeg,20250626,16,oyster45,15.9,9.49,
polyic_outplant_tag016_20250626.jpeg,20250626,16,oyster46,14.65,7.48,
polyic_outplant_tag016_20250626.jpeg,20250626,16,oyster47,17.88,5.2,
polyic_outplant_tag016_20250626.jpeg,20250626,16,oyster48,16.41,7.22,
polyic_outplant_tag016_20250626.jpeg,20250626,16,oyster49,11.91,7.45,
polyic_outplant_tag016_20250626.jpeg,20250626,16,oyster50,14.37,10.45,
polyic_outplant_tag016_20250626.jpeg,20250626,16,oyster51,15.71,9.5,
polyic_outplant_tag016_20250626.jpeg,20250626,16,oyster52,18.9,10.46,
polyic_outplant_tag016_20250626.jpeg,20250626,16,oyster53,17.13,7.02,
polyic_outplant_tag016_20250626.jpeg,20250626,16,oyster54,12.5,8.59,
polyic_outplant_tag016_20250626.jpeg,20250626,16,oyster55,13.54,6.46,
polyic_outplant_tag016_20250626.jpeg,20250626,16,oyster56,13.43,8.1,
polyic_outplant_tag016_20250626.jpeg,20250626,16,oyster57,12.11,6.73,
polyic_outplant_tag016_20250626.jpeg,20250626,16,oyster58,14.67,11.83,
polyic_outplant_tag016_20250626.jpeg,20250626,16,oyster59,13.48,11.47,
polyic_outplant_tag016_20250626.jpeg,20250626,16,oyster60,41.83,8.36,
polyic_outplant_tag016_20250626.jpeg,20250626,16,oyster61,13.65,6.33,
polyic_outplant_tag016_20250626.jpeg,20250626,16,oyster62,8.39,7.9,
polyic_outplant_tag016_20250626.jpeg,20250626,16,oyster63,31.21,10.81,
polyic_outplant_tag016_20250626.jpeg,20250626,16,oyster64,10.18,8.07,
polyic_outplant_tag016_20250626.jpeg,20250626,16,oyster65,15.21,6.53,
polyic_outplant_tag016_20250626.jpeg,20250626,16,oyster66,15.45,9.54,
polyic_outplant_tag016_20250626.jpeg,20250626,16,oyster67,8.88,7.69,
polyic_outplant_tag016_20250626.jpeg,20250626,16,oyster68,19.16,4.83,
polyic_outplant_tag016_20250626.jpeg,20250626,16,oyster69,13.66,9.16,
polyic_outplant_tag016_20250626.jpeg,20250626,16,oyster70,14.14,8.81,
polyic_outplant_tag016_20250626.jpeg,20250626,16,oyster71,17.18,7.48,
polyic_outplant_tag016_20250626.jpeg,20250626,16,oyster72,9.83,7.11,
polyic_outplant_tag016_20250626.jpeg,20250626,16,oyster73,9.26,5.53,
polyic_outplant_tag016_20250626.jpeg,20250626,16,oyster74,14.48,8.73,
polyic_outplant_tag016_20250626.jpeg,20250626,16,oyster75,9.46,8.68,
polyic_outplant_tag016_20250626.jpeg,20250626,16,oyster76,9.51,3.76,
polyic_outplant_tag016_20250626.jpeg,20250626,16,oyster77,8.48,6.79,
polyic_outplant_tag016_20250626.jpeg,20250626,16,oyster78,9.22,7.71,
polyic_outplant_tag016_20250626.jpeg,20250626,16,oyster79,13.44,5.47,
polyic_outplant_tag016_20250626.jpeg,20250626,16,oyster80,8.1,7.6,
polyic_outplant_tag016_20250626.jpeg,20250626,16,oyster81,11.04,6.5,
polyic_outplant_tag016_20250626.jpeg,20250626,16,oyster82,7.11,4.14,
polyic_outplant_tag016_20250626.jpeg,20250626,16,oyster83,7.67,6.13,
polyic_outplant_tag016_20250626.jpeg,20250626,16,oyster84,8.58,5.45,
polyic_outplant_tag016_20250626.jpeg,20250626,16,oyster85,8.45,7.84,
polyic_outplant_tag016_20250626.jpeg,20250626,16,oyster86,14.55,4.74,
polyic_outplant_tag016_20250626.jpeg,20250626,16,oyster87,9.51,5.37,
polyic_outplant_tag016_20250626.jpeg,20250626,16,oyster88,13.49,3.85,
polyic_outplant_tag016_20250626.jpeg,20250626,16,oyster89,14.37,6.07,
polyic_outplant_tag016_20250626.jpeg,20250626,16,oyster90,10.7,6.06,
polyic_outplant_tag016_20250626.jpeg,20250626,16,oyster91,6.39,4.08,
polyic_outplant_tag016_20250626.jpeg,20250626,16,oyster92,9.64,5.56,
polyic_outplant_tag016_20250626.jpeg,20250626,16,oyster93,9.44,5.48,
polyic_outplant_tag016_20250626.jpeg,20250626,16,oyster94,14.65,4.42,
polyic_outplant_tag016_20250626.jpeg,20250626,16,oyster95,9.63,5.23,
polyic_outplant_tag016_20250626.jpeg,20250626,16,oyster96,9.41,6.63,
polyic_outplant_tag016_20250626.jpeg,20250626,16,oyster97,15.47,4.97,
polyic_outplant_tag016_20250626.jpeg,20250626,16,oyster98,12.9,6.28,
polyic_outplant_tag016_20250626.jpeg,20250626,16,oyster99,10.26,6.46,
polyic_outplant_tag016_20250626.jpeg,20250626,16,oyster100,9.1,7.52,
polyic_outplant_tag016_20250626.jpeg,20250626,16,oyster101,9.6,8.68,
polyic_outplant_tag016_20250626.jpeg,20250626,16,oyster102,9.75,3.9,
polyic_outplant_tag016_20250626.jpeg,20250626,16,oyster103,7.07,6.39,
polyic_outplant_tag016_20250626.jpeg,20250626,16,oyster104,18.37,10.8,
polyic_outplant_tag016_20250626.jpeg,20250626,16,oyster105,11.15,6.62,
polyic_outplant_tag016_20250626.jpeg,20250626,16,oyster106,5.83,4.4,
polyic_outplant_tag016_20250626.jpeg,20250626,16,oyster107,8.2,5.55,
polyic_outplant_tag016_20250626.jpeg,20250626,16,oyster108,15.92,2.37,
polyic_outplant_tag016_20250626.jpeg,20250626,16,oyster109,13.55,4.18,
polyic_outplant_tag016_20250626.jpeg,20250626,16,oyster110,14.79,6.66,
polyic_outplant_tag016_20250626.jpeg,20250626,16,oyster111,7.8,5.31,
polyic_outplant_tag016_20250626.jpeg,20250626,16,oyster112,6.54,4.72,
polyic_outplant_tag016_20250626.jpeg,20250626,16,oyster113,9.06,4.11,
polyic_outplant_tag016_20250626.jpeg,20250626,16,oyster114,21.14,6.75,
polyic_outplant_tag016_20250626.jpeg,20250626,16,oyster115,13.15,6.77,
polyic_outplant_tag016_20250626.jpeg,20250626,16,oyster116,6.99,4.66,
polyic_outplant_tag016_20250626.jpeg,20250626,16,oyster117,18.77,3.76,
polyic_outplant_tag016_20250626.jpeg,20250626,16,oyster118,7.32,5.47,
polyic_outplant_tag016_20250626.jpeg,20250626,16,oyster119,5.95,5.37,
polyic_outplant_tag016_20250626.jpeg,20250626,16,oyster120,9.86,4.7,
polyic_outplant_tag016_20250626.jpeg,20250626,16,oyster121,6.08,3.94,
polyic_outplant_tag016_20250626.jpeg,20250626,16,oyster122,6.27,4.46,
polyic_outplant_tag016_20250626.jpeg,20250626,16,oyster123,8.79,3.56,
polyic_outplant_tag016_20250626.jpeg,20250626,16,oyster124,5.46,4.74,
polyic_outplant_tag016_20250626.jpeg,20250626,16,oyster125,7.05,4.49,
polyic_outplant_tag017_20250626.jpeg,20250626,17,oyster1,34.97,34.54,
polyic_outplant_tag017_20250626.jpeg,20250626,17,oyster2,29.95,18.91,
polyic_outplant_tag017_20250626.jpeg,20250626,17,oyster3,19.37,16.11,
polyic_outplant_tag017_20250626.jpeg,20250626,17,oyster4,32.94,20.86,
polyic_outplant_tag017_20250626.jpeg,20250626,17,oyster5,15.8,12.5,
polyic_outplant_tag017_20250626.jpeg,20250626,17,oyster6,18.95,17.15,
polyic_outplant_tag017_20250626.jpeg,20250626,17,oyster7,20.36,17.26,
polyic_outplant_tag017_20250626.jpeg,20250626,17,oyster8,15.77,14.3,
polyic_outplant_tag017_20250626.jpeg,20250626,17,oyster9,21.21,15.13,
polyic_outplant_tag017_20250626.jpeg,20250626,17,oyster10,25.29,15.62,
polyic_outplant_tag017_20250626.jpeg,20250626,17,oyster11,25.02,14.36,
polyic_outplant_tag017_20250626.jpeg,20250626,17,oyster12,22.17,21.38,
polyic_outplant_tag017_20250626.jpeg,20250626,17,oyster13,17.48,14.76,
polyic_outplant_tag017_20250626.jpeg,20250626,17,oyster14,20.33,10.71,
polyic_outplant_tag017_20250626.jpeg,20250626,17,oyster15,16.03,13.27,
polyic_outplant_tag017_20250626.jpeg,20250626,17,oyster16,20.88,18.51,
polyic_outplant_tag017_20250626.jpeg,20250626,17,oyster17,24,16.57,
polyic_outplant_tag017_20250626.jpeg,20250626,17,oyster18,15.73,11.39,
polyic_outplant_tag017_20250626.jpeg,20250626,17,oyster19,69.72,7.1,
polyic_outplant_tag017_20250626.jpeg,20250626,17,oyster20,18.08,16.2,
polyic_outplant_tag017_20250626.jpeg,20250626,17,oyster21,22.94,14.79,
polyic_outplant_tag017_20250626.jpeg,20250626,17,oyster22,12.7,6.58,
polyic_outplant_tag017_20250626.jpeg,20250626,17,oyster23,74.86,5.3,
polyic_outplant_tag017_20250626.jpeg,20250626,17,oyster24,15.31,10.94,
polyic_outplant_tag017_20250626.jpeg,20250626,17,oyster25,17.66,12.46,
polyic_outplant_tag017_20250626.jpeg,20250626,17,oyster26,12.8,10.62,
polyic_outplant_tag017_20250626.jpeg,20250626,17,oyster27,68.33,20.41,
polyic_outplant_tag017_20250626.jpeg,20250626,17,oyster28,16.93,14.07,
polyic_outplant_tag017_20250626.jpeg,20250626,17,oyster29,15.29,12.33,
polyic_outplant_tag017_20250626.jpeg,20250626,17,oyster30,15.69,9.82,
polyic_outplant_tag017_20250626.jpeg,20250626,17,oyster31,12.95,11.1,
polyic_outplant_tag017_20250626.jpeg,20250626,17,oyster32,16.01,12.75,
polyic_outplant_tag017_20250626.jpeg,20250626,17,oyster33,21.34,13.9,
polyic_outplant_tag017_20250626.jpeg,20250626,17,oyster34,69.75,1.45,
polyic_outplant_tag017_20250626.jpeg,20250626,17,oyster35,16.12,12.27,
polyic_outplant_tag017_20250626.jpeg,20250626,17,oyster36,14.36,10.93,
polyic_outplant_tag017_20250626.jpeg,20250626,17,oyster37,9.02,8.21,
polyic_outplant_tag017_20250626.jpeg,20250626,17,oyster38,12.18,11.81,
polyic_outplant_tag017_20250626.jpeg,20250626,17,oyster39,10.44,7.38,
polyic_outplant_tag017_20250626.jpeg,20250626,17,oyster40,10.46,10.06,
polyic_outplant_tag017_20250626.jpeg,20250626,17,oyster41,12.69,6.49,
polyic_outplant_tag017_20250626.jpeg,20250626,17,oyster42,11.63,10.83,
polyic_outplant_tag017_20250626.jpeg,20250626,17,oyster43,14.72,10.13,
polyic_outplant_tag017_20250626.jpeg,20250626,17,oyster44,13.77,9.42,
polyic_outplant_tag017_20250626.jpeg,20250626,17,oyster45,13.27,9.79,
polyic_outplant_tag017_20250626.jpeg,20250626,17,oyster46,10.99,9.62,
polyic_outplant_tag017_20250626.jpeg,20250626,17,oyster47,16,7.89,
polyic_outplant_tag017_20250626.jpeg,20250626,17,oyster48,13.23,7.53,
polyic_outplant_tag017_20250626.jpeg,20250626,17,oyster49,18.91,15.32,
polyic_outplant_tag017_20250626.jpeg,20250626,17,oyster50,50.39,7.81,
polyic_outplant_tag017_20250626.jpeg,20250626,17,oyster51,20.41,9.84,
polyic_outplant_tag017_20250626.jpeg,20250626,17,oyster52,14,7.32,
polyic_outplant_tag017_20250626.jpeg,20250626,17,oyster53,12.83,4.63,
polyic_outplant_tag017_20250626.jpeg,20250626,17,oyster54,15.89,7.13,
polyic_outplant_tag017_20250626.jpeg,20250626,17,oyster55,13.24,10.75,
polyic_outplant_tag017_20250626.jpeg,20250626,17,oyster56,21.07,5.58,
polyic_outplant_tag017_20250626.jpeg,20250626,17,oyster57,16.27,12.85,
polyic_outplant_tag017_20250626.jpeg,20250626,17,oyster58,15.65,9.59,
polyic_outplant_tag017_20250626.jpeg,20250626,17,oyster59,11.32,10.36,
polyic_outplant_tag017_20250626.jpeg,20250626,17,oyster60,9.16,7.3,
polyic_outplant_tag017_20250626.jpeg,20250626,17,oyster61,13.59,11.06,
polyic_outplant_tag017_20250626.jpeg,20250626,17,oyster62,13.44,10.98,
polyic_outplant_tag017_20250626.jpeg,20250626,17,oyster63,10.78,8.67,
polyic_outplant_tag017_20250626.jpeg,20250626,17,oyster64,14.87,6.54,
polyic_outplant_tag017_20250626.jpeg,20250626,17,oyster65,19.6,8.52,
polyic_outplant_tag017_20250626.jpeg,20250626,17,oyster66,17.41,10.75,
polyic_outplant_tag017_20250626.jpeg,20250626,17,oyster67,14.41,7.27,
polyic_outplant_tag017_20250626.jpeg,20250626,17,oyster68,12.48,8.23,
polyic_outplant_tag017_20250626.jpeg,20250626,17,oyster69,11.69,10.05,
polyic_outplant_tag017_20250626.jpeg,20250626,17,oyster70,8.39,8.19,
polyic_outplant_tag017_20250626.jpeg,20250626,17,oyster71,12.67,8.23,
polyic_outplant_tag017_20250626.jpeg,20250626,17,oyster72,10.23,8.93,
polyic_outplant_tag017_20250626.jpeg,20250626,17,oyster73,13.96,12.98,
polyic_outplant_tag017_20250626.jpeg,20250626,17,oyster74,11.97,6.14,
polyic_outplant_tag017_20250626.jpeg,20250626,17,oyster75,8.85,8.66,
polyic_outplant_tag017_20250626.jpeg,20250626,17,oyster76,10.62,5.03,
polyic_outplant_tag017_20250626.jpeg,20250626,17,oyster77,15.38,7.07,
polyic_outplant_tag017_20250626.jpeg,20250626,17,oyster78,12.66,10.03,
polyic_outplant_tag017_20250626.jpeg,20250626,17,oyster79,11.98,9.72,
polyic_outplant_tag017_20250626.jpeg,20250626,17,oyster80,13.37,7.58,
polyic_outplant_tag017_20250626.jpeg,20250626,17,oyster81,46.33,1.08,
polyic_outplant_tag017_20250626.jpeg,20250626,17,oyster82,11.47,8.3,
polyic_outplant_tag017_20250626.jpeg,20250626,17,oyster83,28.76,6.05,
polyic_outplant_tag017_20250626.jpeg,20250626,17,oyster84,29.78,4.66,
polyic_outplant_tag017_20250626.jpeg,20250626,17,oyster85,8.52,5.61,
polyic_outplant_tag017_20250626.jpeg,20250626,17,oyster86,9.85,4.75,
polyic_outplant_tag017_20250626.jpeg,20250626,17,oyster87,13.76,5.51,
polyic_outplant_tag017_20250626.jpeg,20250626,17,oyster88,15.36,6.46,
polyic_outplant_tag017_20250626.jpeg,20250626,17,oyster89,8.56,6.18,
polyic_outplant_tag017_20250626.jpeg,20250626,17,oyster90,10.93,7.83,
polyic_outplant_tag017_20250626.jpeg,20250626,17,oyster91,17.84,9.85,
polyic_outplant_tag017_20250626.jpeg,20250626,17,oyster92,10.85,6.07,
polyic_outplant_tag017_20250626.jpeg,20250626,17,oyster93,10.04,5.46,
polyic_outplant_tag017_20250626.jpeg,20250626,17,oyster94,8.61,4.48,
polyic_outplant_tag017_20250626.jpeg,20250626,17,oyster95,9.61,4.63,
polyic_outplant_tag017_20250626.jpeg,20250626,17,oyster96,13.19,5.33,
polyic_outplant_tag017_20250626.jpeg,20250626,17,oyster97,11.62,6.72,
polyic_outplant_tag017_20250626.jpeg,20250626,17,oyster98,9.13,5.68,
polyic_outplant_tag017_20250626.jpeg,20250626,17,oyster99,10.47,5.23,
polyic_outplant_tag017_20250626.jpeg,20250626,17,oyster100,5.44,4.85,
polyic_outplant_tag017_20250626.jpeg,20250626,17,oyster101,8.25,4.81,
polyic_outplant_tag017_20250626.jpeg,20250626,17,oyster102,6.58,4.22,
polyic_outplant_tag017_20250626.jpeg,20250626,17,oyster103,7.34,3.54,
polyic_outplant_tag017_20250626.jpeg,20250626,17,oyster104,16.46,7.83,
polyic_outplant_tag017_20250626.jpeg,20250626,17,oyster105,15.28,5.18,
polyic_outplant_tag017_20250626.jpeg,20250626,17,oyster106,9.6,6.16,
polyic_outplant_tag017_20250626.jpeg,20250626,17,oyster107,7.3,4.9,
polyic_outplant_tag017_20250626.jpeg,20250626,17,oyster108,18.11,9.11,
polyic_outplant_tag017_20250626.jpeg,20250626,17,oyster109,9.15,5.45,
polyic_outplant_tag017_20250626.jpeg,20250626,17,oyster110,8.76,6.65,
polyic_outplant_tag017_20250626.jpeg,20250626,17,oyster111,11.16,3.51,
polyic_outplant_tag017_20250626.jpeg,20250626,17,oyster112,7.54,6.26,
polyic_outplant_tag017_20250626.jpeg,20250626,17,oyster113,10.36,5.7,
polyic_outplant_tag017_20250626.jpeg,20250626,17,oyster114,10.46,5.35,
polyic_outplant_tag017_20250626.jpeg,20250626,17,oyster115,8.38,4.43,
polyic_outplant_tag017_20250626.jpeg,20250626,17,oyster116,9.76,5.42,
polyic_outplant_tag017_20250626.jpeg,20250626,17,oyster117,7.58,5.44,
polyic_outplant_tag017_20250626.jpeg,20250626,17,oyster118,6.76,6.7,
polyic_outplant_tag017_20250626.jpeg,20250626,17,oyster119,9.35,4.46,
polyic_outplant_tag017_20250626.jpeg,20250626,17,oyster120,8.8,5.7,
polyic_outplant_tag017_20250626.jpeg,20250626,17,oyster121,7.49,5.96,
polyic_outplant_tag017_20250626.jpeg,20250626,17,oyster122,7.01,5.13,
polyic_outplant_tag017_20250626.jpeg,20250626,17,oyster123,8.42,5.25,
polyic_outplant_tag017_20250626.jpeg,20250626,17,oyster124,5.09,4.36,
polyic_outplant_tag017_20250626.jpeg,20250626,17,oyster125,11.53,4.69,
polyic_outplant_tag017_20250626.jpeg,20250626,17,oyster126,8.01,5.06,
polyic_outplant_tag017_20250626.jpeg,20250626,17,oyster127,39.45,0.46,
polyic_outplant_tag017_20250626.jpeg,20250626,17,oyster128,16.72,3.84,
polyic_outplant_tag017_20250626.jpeg,20250626,17,oyster129,11.57,3.1,
polyic_outplant_tag017_20250626.jpeg,20250626,17,oyster130,6.01,5.69,
polyic_outplant_tag017_20250626.jpeg,20250626,17,oyster131,8.43,5.66,
polyic_outplant_tag017_20250626.jpeg,20250626,17,oyster132,7.07,4.19,
polyic_outplant_tag017_20250626.jpeg,20250626,17,oyster133,15.27,2.78,
polyic_outplant_tag017_20250626.jpeg,20250626,17,oyster134,10.18,3.63,
polyic_outplant_tag018_20250626.jpeg,20250626,18,oyster1,34.32,20.31,
polyic_outplant_tag018_20250626.jpeg,20250626,18,oyster2,32.21,19.31,
polyic_outplant_tag018_20250626.jpeg,20250626,18,oyster3,25.88,17.04,
polyic_outplant_tag018_20250626.jpeg,20250626,18,oyster4,15.47,13.96,
polyic_outplant_tag018_20250626.jpeg,20250626,18,oyster5,25.64,16.74,
polyic_outplant_tag018_20250626.jpeg,20250626,18,oyster6,15.13,12.65,
polyic_outplant_tag018_20250626.jpeg,20250626,18,oyster7,16.84,10.93,
polyic_outplant_tag018_20250626.jpeg,20250626,18,oyster8,26.13,13.8,
polyic_outplant_tag018_20250626.jpeg,20250626,18,oyster9,23.66,13.3,
polyic_outplant_tag018_20250626.jpeg,20250626,18,oyster10,13.29,11.52,
polyic_outplant_tag018_20250626.jpeg,20250626,18,oyster11,17.63,17.01,
polyic_outplant_tag018_20250626.jpeg,20250626,18,oyster12,17.03,13.43,
polyic_outplant_tag018_20250626.jpeg,20250626,18,oyster13,18.74,14.31,
polyic_outplant_tag018_20250626.jpeg,20250626,18,oyster14,13.58,6.93,
polyic_outplant_tag018_20250626.jpeg,20250626,18,oyster15,13.71,6.92,
polyic_outplant_tag018_20250626.jpeg,20250626,18,oyster16,14.21,12.05,
polyic_outplant_tag018_20250626.jpeg,20250626,18,oyster17,14.42,11.36,
polyic_outplant_tag018_20250626.jpeg,20250626,18,oyster18,13.56,12.51,
polyic_outplant_tag018_20250626.jpeg,20250626,18,oyster19,13.07,12.15,
polyic_outplant_tag018_20250626.jpeg,20250626,18,oyster20,22.21,10.69,
polyic_outplant_tag018_20250626.jpeg,20250626,18,oyster21,16.79,11.03,
polyic_outplant_tag018_20250626.jpeg,20250626,18,oyster22,16.48,14.36,
polyic_outplant_tag018_20250626.jpeg,20250626,18,oyster23,14.14,11.87,
polyic_outplant_tag018_20250626.jpeg,20250626,18,oyster24,12.62,11.09,
polyic_outplant_tag018_20250626.jpeg,20250626,18,oyster25,13.4,9.51,
polyic_outplant_tag018_20250626.jpeg,20250626,18,oyster26,17.03,9.64,
polyic_outplant_tag018_20250626.jpeg,20250626,18,oyster27,18.18,9.37,
polyic_outplant_tag018_20250626.jpeg,20250626,18,oyster28,13,10.98,
polyic_outplant_tag018_20250626.jpeg,20250626,18,oyster29,11.7,10.29,
polyic_outplant_tag018_20250626.jpeg,20250626,18,oyster30,12.68,11.77,
polyic_outplant_tag018_20250626.jpeg,20250626,18,oyster31,15.34,11.5,
polyic_outplant_tag018_20250626.jpeg,20250626,18,oyster32,16.1,5.89,
polyic_outplant_tag018_20250626.jpeg,20250626,18,oyster33,17.7,10.82,
polyic_outplant_tag018_20250626.jpeg,20250626,18,oyster34,9.92,9.52,
polyic_outplant_tag018_20250626.jpeg,20250626,18,oyster35,14.53,8.22,
polyic_outplant_tag018_20250626.jpeg,20250626,18,oyster36,17.3,8.7,
polyic_outplant_tag018_20250626.jpeg,20250626,18,oyster37,13.57,10.46,
polyic_outplant_tag018_20250626.jpeg,20250626,18,oyster38,10.16,9.62,
polyic_outplant_tag018_20250626.jpeg,20250626,18,oyster39,19.39,10.29,
polyic_outplant_tag018_20250626.jpeg,20250626,18,oyster40,13.71,4.94,
polyic_outplant_tag018_20250626.jpeg,20250626,18,oyster41,10.49,10.01,
polyic_outplant_tag018_20250626.jpeg,20250626,18,oyster42,13.89,13.38,
polyic_outplant_tag018_20250626.jpeg,20250626,18,oyster43,21.37,14.81,
polyic_outplant_tag018_20250626.jpeg,20250626,18,oyster44,13.88,9.04,
polyic_outplant_tag018_20250626.jpeg,20250626,18,oyster45,13.09,9.6,
polyic_outplant_tag018_20250626.jpeg,20250626,18,oyster46,14.09,10.75,
polyic_outplant_tag018_20250626.jpeg,20250626,18,oyster47,16.26,8.61,
polyic_outplant_tag018_20250626.jpeg,20250626,18,oyster48,14.32,12.1,
polyic_outplant_tag018_20250626.jpeg,20250626,18,oyster49,12.81,10.86,
polyic_outplant_tag018_20250626.jpeg,20250626,18,oyster50,12.74,10.53,
polyic_outplant_tag018_20250626.jpeg,20250626,18,oyster51,45.96,12.51,
polyic_outplant_tag018_20250626.jpeg,20250626,18,oyster52,11.83,7.34,
polyic_outplant_tag018_20250626.jpeg,20250626,18,oyster53,10.61,10.42,
polyic_outplant_tag018_20250626.jpeg,20250626,18,oyster54,13.57,10.1,
polyic_outplant_tag018_20250626.jpeg,20250626,18,oyster55,14.13,7.11,
polyic_outplant_tag018_20250626.jpeg,20250626,18,oyster56,9.9,9.71,
polyic_outplant_tag018_20250626.jpeg,20250626,18,oyster57,15.6,10.18,
polyic_outplant_tag018_20250626.jpeg,20250626,18,oyster58,17.54,7,
polyic_outplant_tag018_20250626.jpeg,20250626,18,oyster59,14.7,8.58,
polyic_outplant_tag018_20250626.jpeg,20250626,18,oyster60,15.09,7.71,
polyic_outplant_tag018_20250626.jpeg,20250626,18,oyster61,17.28,11.81,
polyic_outplant_tag018_20250626.jpeg,20250626,18,oyster62,10.4,6.94,
polyic_outplant_tag018_20250626.jpeg,20250626,18,oyster63,12.27,9.24,
polyic_outplant_tag018_20250626.jpeg,20250626,18,oyster64,15.6,10.07,
polyic_outplant_tag018_20250626.jpeg,20250626,18,oyster65,14.02,11.54,
polyic_outplant_tag018_20250626.jpeg,20250626,18,oyster66,17.75,7.68,
polyic_outplant_tag018_20250626.jpeg,20250626,18,oyster67,19.17,8.5,
polyic_outplant_tag018_20250626.jpeg,20250626,18,oyster68,7.5,5.41,
polyic_outplant_tag018_20250626.jpeg,20250626,18,oyster69,10.33,5.5,
polyic_outplant_tag018_20250626.jpeg,20250626,18,oyster70,10.84,6.05,
polyic_outplant_tag018_20250626.jpeg,20250626,18,oyster71,9.61,6.77,
polyic_outplant_tag018_20250626.jpeg,20250626,18,oyster72,6.75,6.53,
polyic_outplant_tag018_20250626.jpeg,20250626,18,oyster73,15.77,10.18,
polyic_outplant_tag018_20250626.jpeg,20250626,18,oyster74,14.66,5.8,
polyic_outplant_tag018_20250626.jpeg,20250626,18,oyster75,8.98,6.36,
polyic_outplant_tag018_20250626.jpeg,20250626,18,oyster76,27.06,6.34,
polyic_outplant_tag018_20250626.jpeg,20250626,18,oyster77,12.72,7.38,
polyic_outplant_tag018_20250626.jpeg,20250626,18,oyster78,17.08,6.96,
polyic_outplant_tag018_20250626.jpeg,20250626,18,oyster79,8.04,6.48,
polyic_outplant_tag018_20250626.jpeg,20250626,18,oyster80,11.34,8.76,
polyic_outplant_tag018_20250626.jpeg,20250626,18,oyster81,10.58,7.5,
polyic_outplant_tag018_20250626.jpeg,20250626,18,oyster82,11.04,7.13,
polyic_outplant_tag018_20250626.jpeg,20250626,18,oyster83,12.37,6.47,
polyic_outplant_tag018_20250626.jpeg,20250626,18,oyster84,9.4,8.12,
polyic_outplant_tag018_20250626.jpeg,20250626,18,oyster85,6.37,5.35,
polyic_outplant_tag018_20250626.jpeg,20250626,18,oyster86,11.92,5.51,
polyic_outplant_tag018_20250626.jpeg,20250626,18,oyster87,8.92,6.29,
polyic_outplant_tag018_20250626.jpeg,20250626,18,oyster88,14.85,5.1,
polyic_outplant_tag018_20250626.jpeg,20250626,18,oyster89,12.49,4.55,
polyic_outplant_tag018_20250626.jpeg,20250626,18,oyster90,11.68,7.65,
polyic_outplant_tag018_20250626.jpeg,20250626,18,oyster91,12.51,7.08,
polyic_outplant_tag018_20250626.jpeg,20250626,18,oyster92,9.06,4.94,
polyic_outplant_tag018_20250626.jpeg,20250626,18,oyster93,9.65,6.08,
polyic_outplant_tag018_20250626.jpeg,20250626,18,oyster94,11.28,4.11,
polyic_outplant_tag018_20250626.jpeg,20250626,18,oyster95,9.31,7.87,
polyic_outplant_tag018_20250626.jpeg,20250626,18,oyster96,9.68,4.73,
polyic_outplant_tag018_20250626.jpeg,20250626,18,oyster97,11.84,4.81,
polyic_outplant_tag018_20250626.jpeg,20250626,18,oyster98,7.04,4.36,
polyic_outplant_tag018_20250626.jpeg,20250626,18,oyster99,10.06,5.22,
polyic_outplant_tag018_20250626.jpeg,20250626,18,oyster100,8.1,6.1,
polyic_outplant_tag018_20250626.jpeg,20250626,18,oyster101,8.94,6.17,
polyic_outplant_tag018_20250626.jpeg,20250626,18,oyster102,8.71,6.65,
polyic_outplant_tag018_20250626.jpeg,20250626,18,oyster103,9.04,4.48,
polyic_outplant_tag018_20250626.jpeg,20250626,18,oyster104,9.71,6.18,
polyic_outplant_tag018_20250626.jpeg,20250626,18,oyster105,11.67,6.94,
polyic_outplant_tag018_20250626.jpeg,20250626,18,oyster106,14.52,7.09,
polyic_outplant_tag018_20250626.jpeg,20250626,18,oyster107,8.59,5.33,
polyic_outplant_tag018_20250626.jpeg,20250626,18,oyster108,8.21,5.05,
polyic_outplant_tag018_20250626.jpeg,20250626,18,oyster109,12.19,5.13,
polyic_outplant_tag018_20250626.jpeg,20250626,18,oyster110,8.6,5.4,
polyic_outplant_tag018_20250626.jpeg,20250626,18,oyster111,12.9,5.47,
polyic_outplant_tag018_20250626.jpeg,20250626,18,oyster112,6.69,4.99,
polyic_outplant_tag018_20250626.jpeg,20250626,18,oyster113,21.66,2.57,
polyic_outplant_tag018_20250626.jpeg,20250626,18,oyster114,11.1,5.2,
polyic_outplant_tag018_20250626.jpeg,20250626,18,oyster115,12.84,5.16,
polyic_outplant_tag018_20250626.jpeg,20250626,18,oyster116,7.59,7.15,
polyic_outplant_tag018_20250626.jpeg,20250626,18,oyster117,9.22,5.02,
polyic_outplant_tag018_20250626.jpeg,20250626,18,oyster118,11.61,4.24,
polyic_outplant_tag018_20250626.jpeg,20250626,18,oyster119,8.9,5.2,
polyic_outplant_tag018_20250626.jpeg,20250626,18,oyster120,8.06,4.96,
polyic_outplant_tag018_20250626.jpeg,20250626,18,oyster121,6.6,5.9,
polyic_outplant_tag018_20250626.jpeg,20250626,18,oyster122,9.31,4.29,
polyic_outplant_tag018_20250626.jpeg,20250626,18,oyster123,5.83,5.71,
polyic_outplant_tag018_20250626.jpeg,20250626,18,oyster124,9.67,5.25,
polyic_outplant_tag018_20250626.jpeg,20250626,18,oyster125,5.06,4.46,
polyic_outplant_tag018_20250626.jpeg,20250626,18,oyster126,8.4,5.17,
polyic_outplant_tag018_20250626.jpeg,20250626,18,oyster127,9.68,5.18,
polyic_outplant_tag018_20250626.jpeg,20250626,18,oyster128,14.74,2.97,
polyic_outplant_tag018_20250626.jpeg,20250626,18,oyster129,8.29,5.06,
polyic_outplant_tag018_20250626.jpeg,20250626,18,oyster130,11.2,2.87,
polyic_outplant_tag019_20250626.jpeg,20250626,19,oyster1,37.59,25.96,
polyic_outplant_tag019_20250626.jpeg,20250626,19,oyster2,26.33,15.76,
polyic_outplant_tag019_20250626.jpeg,20250626,19,oyster3,30.6,18.8,
polyic_outplant_tag019_20250626.jpeg,20250626,19,oyster4,127.07,67.65,
polyic_outplant_tag019_20250626.jpeg,20250626,19,oyster5,15.9,14,
polyic_outplant_tag019_20250626.jpeg,20250626,19,oyster6,27.64,16.47,
polyic_outplant_tag019_20250626.jpeg,20250626,19,oyster7,13.55,12.74,
polyic_outplant_tag019_20250626.jpeg,20250626,19,oyster8,15.13,15.1,
polyic_outplant_tag019_20250626.jpeg,20250626,19,oyster9,21.1,14.56,
polyic_outplant_tag019_20250626.jpeg,20250626,19,oyster10,26.19,16.04,
polyic_outplant_tag019_20250626.jpeg,20250626,19,oyster11,28.8,16.63,
polyic_outplant_tag019_20250626.jpeg,20250626,19,oyster12,17.28,14.15,
polyic_outplant_tag019_20250626.jpeg,20250626,19,oyster13,20.14,10.97,
polyic_outplant_tag019_20250626.jpeg,20250626,19,oyster14,16.19,13.64,
polyic_outplant_tag019_20250626.jpeg,20250626,19,oyster15,18.16,13,
polyic_outplant_tag019_20250626.jpeg,20250626,19,oyster16,13.46,12.19,
polyic_outplant_tag019_20250626.jpeg,20250626,19,oyster17,18.23,10.58,
polyic_outplant_tag019_20250626.jpeg,20250626,19,oyster18,13.22,11.05,
polyic_outplant_tag019_20250626.jpeg,20250626,19,oyster19,19.49,14.4,
polyic_outplant_tag019_20250626.jpeg,20250626,19,oyster20,74.21,22.67,
polyic_outplant_tag019_20250626.jpeg,20250626,19,oyster21,20.14,10.84,
polyic_outplant_tag019_20250626.jpeg,20250626,19,oyster22,19.99,10.94,
polyic_outplant_tag019_20250626.jpeg,20250626,19,oyster23,16.76,14.35,
polyic_outplant_tag019_20250626.jpeg,20250626,19,oyster24,24.49,10.38,
polyic_outplant_tag019_20250626.jpeg,20250626,19,oyster25,12.11,6.45,
polyic_outplant_tag019_20250626.jpeg,20250626,19,oyster26,15.47,11.05,
polyic_outplant_tag019_20250626.jpeg,20250626,19,oyster27,14.16,11.71,
polyic_outplant_tag019_20250626.jpeg,20250626,19,oyster28,13.85,9.28,
polyic_outplant_tag019_20250626.jpeg,20250626,19,oyster29,21.85,11.03,
polyic_outplant_tag019_20250626.jpeg,20250626,19,oyster30,18.11,11.25,
polyic_outplant_tag019_20250626.jpeg,20250626,19,oyster31,12.7,10.27,
polyic_outplant_tag019_20250626.jpeg,20250626,19,oyster32,14.43,10.6,
polyic_outplant_tag019_20250626.jpeg,20250626,19,oyster33,16.63,11.14,
polyic_outplant_tag019_20250626.jpeg,20250626,19,oyster34,12.04,8.51,
polyic_outplant_tag019_20250626.jpeg,20250626,19,oyster35,17.97,12.21,
polyic_outplant_tag019_20250626.jpeg,20250626,19,oyster36,20.29,12.55,
polyic_outplant_tag019_20250626.jpeg,20250626,19,oyster37,15.44,10.75,
polyic_outplant_tag019_20250626.jpeg,20250626,19,oyster38,17.18,15.33,
polyic_outplant_tag019_20250626.jpeg,20250626,19,oyster39,11.16,10.66,
polyic_outplant_tag019_20250626.jpeg,20250626,19,oyster40,13.31,9.12,
polyic_outplant_tag019_20250626.jpeg,20250626,19,oyster41,14.97,12.42,
polyic_outplant_tag019_20250626.jpeg,20250626,19,oyster42,12.56,9.24,
polyic_outplant_tag019_20250626.jpeg,20250626,19,oyster43,18.25,14.58,
polyic_outplant_tag019_20250626.jpeg,20250626,19,oyster44,14.71,7.55,
polyic_outplant_tag019_20250626.jpeg,20250626,19,oyster45,10.71,7.59,
polyic_outplant_tag019_20250626.jpeg,20250626,19,oyster46,13.26,10.53,
polyic_outplant_tag019_20250626.jpeg,20250626,19,oyster47,13.93,13.41,
polyic_outplant_tag019_20250626.jpeg,20250626,19,oyster48,16.04,14.24,
polyic_outplant_tag019_20250626.jpeg,20250626,19,oyster49,34.09,9.62,
polyic_outplant_tag019_20250626.jpeg,20250626,19,oyster50,34.83,5.31,
polyic_outplant_tag019_20250626.jpeg,20250626,19,oyster51,12.13,4.6,
polyic_outplant_tag019_20250626.jpeg,20250626,19,oyster52,13.27,10.67,
polyic_outplant_tag019_20250626.jpeg,20250626,19,oyster53,14.61,8.46,
polyic_outplant_tag019_20250626.jpeg,20250626,19,oyster54,10.05,9.4,
polyic_outplant_tag019_20250626.jpeg,20250626,19,oyster55,23.75,4.69,
polyic_outplant_tag019_20250626.jpeg,20250626,19,oyster56,13.13,8.19,
polyic_outplant_tag019_20250626.jpeg,20250626,19,oyster57,12.28,7.86,
polyic_outplant_tag019_20250626.jpeg,20250626,19,oyster58,17.33,4.49,
polyic_outplant_tag019_20250626.jpeg,20250626,19,oyster59,12.04,9.82,
polyic_outplant_tag019_20250626.jpeg,20250626,19,oyster60,15.92,8.79,
polyic_outplant_tag019_20250626.jpeg,20250626,19,oyster61,12.43,7.59,
polyic_outplant_tag019_20250626.jpeg,20250626,19,oyster62,10.17,8.31,
polyic_outplant_tag019_20250626.jpeg,20250626,19,oyster63,9.17,7.57,
polyic_outplant_tag019_20250626.jpeg,20250626,19,oyster64,14.7,5.14,
polyic_outplant_tag019_20250626.jpeg,20250626,19,oyster65,15.3,6.7,
polyic_outplant_tag019_20250626.jpeg,20250626,19,oyster66,8.43,6.92,
polyic_outplant_tag019_20250626.jpeg,20250626,19,oyster67,13.02,10.33,
polyic_outplant_tag019_20250626.jpeg,20250626,19,oyster68,11.74,6.31,
polyic_outplant_tag019_20250626.jpeg,20250626,19,oyster69,16.59,9.63,
polyic_outplant_tag019_20250626.jpeg,20250626,19,oyster70,12.29,9.49,
polyic_outplant_tag019_20250626.jpeg,20250626,19,oyster71,16.71,9.89,
polyic_outplant_tag019_20250626.jpeg,20250626,19,oyster72,9.76,6.62,
polyic_outplant_tag019_20250626.jpeg,20250626,19,oyster73,16.65,7.1,
polyic_outplant_tag019_20250626.jpeg,20250626,19,oyster74,15.21,10.34,
polyic_outplant_tag019_20250626.jpeg,20250626,19,oyster75,15.16,6.39,
polyic_outplant_tag019_20250626.jpeg,20250626,19,oyster76,12.97,9.06,
polyic_outplant_tag019_20250626.jpeg,20250626,19,oyster77,8.06,7.89,
polyic_outplant_tag019_20250626.jpeg,20250626,19,oyster78,7.63,7.61,
polyic_outplant_tag019_20250626.jpeg,20250626,19,oyster79,9.83,6.68,
polyic_outplant_tag019_20250626.jpeg,20250626,19,oyster80,10.86,10.06,
polyic_outplant_tag019_20250626.jpeg,20250626,19,oyster81,10.73,9.32,
polyic_outplant_tag019_20250626.jpeg,20250626,19,oyster82,6.32,5.96,
polyic_outplant_tag019_20250626.jpeg,20250626,19,oyster83,13.8,4.57,
polyic_outplant_tag019_20250626.jpeg,20250626,19,oyster84,14.27,11.22,
polyic_outplant_tag019_20250626.jpeg,20250626,19,oyster85,12.32,7.23,
polyic_outplant_tag019_20250626.jpeg,20250626,19,oyster86,8.91,8.58,
polyic_outplant_tag019_20250626.jpeg,20250626,19,oyster87,11.62,6.72,
polyic_outplant_tag019_20250626.jpeg,20250626,19,oyster88,9.87,6.82,
polyic_outplant_tag019_20250626.jpeg,20250626,19,oyster89,10.63,5.48,
polyic_outplant_tag019_20250626.jpeg,20250626,19,oyster90,13.69,7.49,
polyic_outplant_tag019_20250626.jpeg,20250626,19,oyster91,21.36,11.05,
polyic_outplant_tag019_20250626.jpeg,20250626,19,oyster92,9.89,6.41,
polyic_outplant_tag019_20250626.jpeg,20250626,19,oyster93,18.44,6.03,
polyic_outplant_tag019_20250626.jpeg,20250626,19,oyster94,13.43,7.43,
polyic_outplant_tag019_20250626.jpeg,20250626,19,oyster95,13.01,5.07,
polyic_outplant_tag019_20250626.jpeg,20250626,19,oyster96,11.53,4.49,
polyic_outplant_tag019_20250626.jpeg,20250626,19,oyster97,18.38,4.21,
polyic_outplant_tag019_20250626.jpeg,20250626,19,oyster98,13.77,5.48,
polyic_outplant_tag019_20250626.jpeg,20250626,19,oyster99,11.82,6.18,
polyic_outplant_tag019_20250626.jpeg,20250626,19,oyster100,9.11,5.6,
polyic_outplant_tag019_20250626.jpeg,20250626,19,oyster101,11.25,6.39,
polyic_outplant_tag019_20250626.jpeg,20250626,19,oyster102,6.29,6.28,
polyic_outplant_tag019_20250626.jpeg,20250626,19,oyster103,12.24,6.33,
polyic_outplant_tag019_20250626.jpeg,20250626,19,oyster104,12.41,6.97,
polyic_outplant_tag019_20250626.jpeg,20250626,19,oyster105,9.75,6.55,
polyic_outplant_tag019_20250626.jpeg,20250626,19,oyster106,13.64,7.25,
polyic_outplant_tag019_20250626.jpeg,20250626,19,oyster107,27.75,3.43,
polyic_outplant_tag019_20250626.jpeg,20250626,19,oyster108,10.07,6.06,
polyic_outplant_tag019_20250626.jpeg,20250626,19,oyster109,9.73,6.07,
polyic_outplant_tag019_20250626.jpeg,20250626,19,oyster110,9.16,6.47,
polyic_outplant_tag019_20250626.jpeg,20250626,19,oyster111,9.02,6.83,
polyic_outplant_tag019_20250626.jpeg,20250626,19,oyster112,13.11,5.04,
polyic_outplant_tag019_20250626.jpeg,20250626,19,oyster113,10.53,7.32,
polyic_outplant_tag019_20250626.jpeg,20250626,19,oyster114,9.02,5.11,
polyic_outplant_tag019_20250626.jpeg,20250626,19,oyster115,7.17,7.05,
polyic_outplant_tag019_20250626.jpeg,20250626,19,oyster116,10.93,4.2,
polyic_outplant_tag019_20250626.jpeg,20250626,19,oyster117,6.95,6.16,
polyic_outplant_tag019_20250626.jpeg,20250626,19,oyster118,11.18,4.3,
polyic_outplant_tag019_20250626.jpeg,20250626,19,oyster119,13.44,5.3,
polyic_outplant_tag019_20250626.jpeg,20250626,19,oyster120,8.2,4.42,
polyic_outplant_tag019_20250626.jpeg,20250626,19,oyster121,8.35,5.07,
polyic_outplant_tag019_20250626.jpeg,20250626,19,oyster122,8.44,4.96,
polyic_outplant_tag019_20250626.jpeg,20250626,19,oyster123,10.36,4.18,
polyic_outplant_tag019_20250626.jpeg,20250626,19,oyster124,9.52,7.54,
polyic_outplant_tag019_20250626.jpeg,20250626,19,oyster125,8.8,4.27,
polyic_outplant_tag019_20250626.jpeg,20250626,19,oyster126,7.8,4.6,
polyic_outplant_tag019_20250626.jpeg,20250626,19,oyster127,8.58,3.49,
polyic_outplant_tag019_20250626.jpeg,20250626,19,oyster128,11.7,4.03,
polyic_outplant_tag019_20250626.jpeg,20250626,19,oyster129,24.7,2.46,
polyic_outplant_tag019_20250626.jpeg,20250626,19,oyster130,8.08,4.42,
polyic_outplant_tag019_20250626.jpeg,20250626,19,oyster131,7.61,4.96,
polyic_outplant_tag019_20250626.jpeg,20250626,19,oyster132,4.47,3.18,
polyic_outplant_tag019_20250626.jpeg,20250626,19,oyster133,6.71,6.53,
polyic_outplant_tag019_20250626.jpeg,20250626,19,oyster134,9.71,4.01,
polyic_outplant_tag019_20250626.jpeg,20250626,19,oyster135,13.77,3.72,
polyic_outplant_tag020_20250626.jpeg,20250626,20,oyster1,122.61,50,
polyic_outplant_tag020_20250626.jpeg,20250626,20,oyster2,38.33,15.59,
polyic_outplant_tag020_20250626.jpeg,20250626,20,oyster3,27.09,16.06,
polyic_outplant_tag020_20250626.jpeg,20250626,20,oyster4,27.72,19.53,
polyic_outplant_tag020_20250626.jpeg,20250626,20,oyster5,27.09,19.22,
polyic_outplant_tag020_20250626.jpeg,20250626,20,oyster6,31.86,17.11,
polyic_outplant_tag020_20250626.jpeg,20250626,20,oyster7,24.21,14.41,
polyic_outplant_tag020_20250626.jpeg,20250626,20,oyster8,19.55,11.71,
polyic_outplant_tag020_20250626.jpeg,20250626,20,oyster9,21.47,20.73,
polyic_outplant_tag020_20250626.jpeg,20250626,20,oyster10,16.53,14.69,
polyic_outplant_tag020_20250626.jpeg,20250626,20,oyster11,18.22,16.68,
polyic_outplant_tag020_20250626.jpeg,20250626,20,oyster12,26.96,13.36,
polyic_outplant_tag020_20250626.jpeg,20250626,20,oyster13,18.18,17.44,
polyic_outplant_tag020_20250626.jpeg,20250626,20,oyster14,19.8,14.34,
polyic_outplant_tag020_20250626.jpeg,20250626,20,oyster15,31.38,12.53,
polyic_outplant_tag020_20250626.jpeg,20250626,20,oyster16,17.22,8.83,
polyic_outplant_tag020_20250626.jpeg,20250626,20,oyster17,16.91,15.83,
polyic_outplant_tag020_20250626.jpeg,20250626,20,oyster18,18.3,12.37,
polyic_outplant_tag020_20250626.jpeg,20250626,20,oyster19,17.84,16.63,
polyic_outplant_tag020_20250626.jpeg,20250626,20,oyster20,13.46,13.17,
polyic_outplant_tag020_20250626.jpeg,20250626,20,oyster21,16.49,10.7,
polyic_outplant_tag020_20250626.jpeg,20250626,20,oyster22,28.18,18.19,
polyic_outplant_tag020_20250626.jpeg,20250626,20,oyster23,22.44,16.2,
polyic_outplant_tag020_20250626.jpeg,20250626,20,oyster24,12.62,11.11,
polyic_outplant_tag020_20250626.jpeg,20250626,20,oyster25,12.29,9.73,
polyic_outplant_tag020_20250626.jpeg,20250626,20,oyster26,18.27,9.11,
polyic_outplant_tag020_20250626.jpeg,20250626,20,oyster27,15.33,13.03,
polyic_outplant_tag020_20250626.jpeg,20250626,20,oyster28,17.02,12.76,
polyic_outplant_tag020_20250626.jpeg,20250626,20,oyster29,18.01,13.92,
polyic_outplant_tag020_20250626.jpeg,20250626,20,oyster30,11.63,11.13,
polyic_outplant_tag020_20250626.jpeg,20250626,20,oyster31,10.2,5.5,
polyic_outplant_tag020_20250626.jpeg,20250626,20,oyster32,15.11,6.31,
polyic_outplant_tag020_20250626.jpeg,20250626,20,oyster33,10.28,5.54,
polyic_outplant_tag020_20250626.jpeg,20250626,20,oyster34,17.62,11.5,
polyic_outplant_tag020_20250626.jpeg,20250626,20,oyster35,16.74,8.99,
polyic_outplant_tag020_20250626.jpeg,20250626,20,oyster36,15.03,12.09,
polyic_outplant_tag020_20250626.jpeg,20250626,20,oyster37,20.24,11.95,
polyic_outplant_tag020_20250626.jpeg,20250626,20,oyster38,14.44,10.24,
polyic_outplant_tag020_20250626.jpeg,20250626,20,oyster39,20.47,11.03,
polyic_outplant_tag020_20250626.jpeg,20250626,20,oyster40,17.9,9.7,
polyic_outplant_tag020_20250626.jpeg,20250626,20,oyster41,22.59,9.98,
polyic_outplant_tag020_20250626.jpeg,20250626,20,oyster42,7.99,6.72,
polyic_outplant_tag020_20250626.jpeg,20250626,20,oyster43,14.06,6.9,
polyic_outplant_tag020_20250626.jpeg,20250626,20,oyster44,24.94,10.71,
polyic_outplant_tag020_20250626.jpeg,20250626,20,oyster45,16.6,7.54,
polyic_outplant_tag020_20250626.jpeg,20250626,20,oyster46,10.31,5.7,
polyic_outplant_tag020_20250626.jpeg,20250626,20,oyster47,12.24,7.11,
polyic_outplant_tag020_20250626.jpeg,20250626,20,oyster48,23.31,12.46,
polyic_outplant_tag020_20250626.jpeg,20250626,20,oyster49,15.32,6.91,
polyic_outplant_tag020_20250626.jpeg,20250626,20,oyster50,16.93,14.21,
polyic_outplant_tag020_20250626.jpeg,20250626,20,oyster51,13.66,5.99,
polyic_outplant_tag020_20250626.jpeg,20250626,20,oyster52,48.06,14.18,
polyic_outplant_tag020_20250626.jpeg,20250626,20,oyster53,15.88,7.54,
polyic_outplant_tag020_20250626.jpeg,20250626,20,oyster54,16.05,11.55,
polyic_outplant_tag020_20250626.jpeg,20250626,20,oyster55,14.01,8.12,
polyic_outplant_tag020_20250626.jpeg,20250626,20,oyster56,16.23,7.34,
polyic_outplant_tag020_20250626.jpeg,20250626,20,oyster57,10.05,8.19,
polyic_outplant_tag020_20250626.jpeg,20250626,20,oyster58,9.25,9.22,
polyic_outplant_tag020_20250626.jpeg,20250626,20,oyster59,12.38,9.31,
polyic_outplant_tag020_20250626.jpeg,20250626,20,oyster60,9.29,7.83,
polyic_outplant_tag020_20250626.jpeg,20250626,20,oyster61,17.38,6.77,
polyic_outplant_tag020_20250626.jpeg,20250626,20,oyster62,11.93,6.36,
polyic_outplant_tag020_20250626.jpeg,20250626,20,oyster63,7.89,7.23,
polyic_outplant_tag020_20250626.jpeg,20250626,20,oyster64,7.89,7.64,
polyic_outplant_tag020_20250626.jpeg,20250626,20,oyster65,9.42,6.87,
polyic_outplant_tag020_20250626.jpeg,20250626,20,oyster66,13.78,11.92,
polyic_outplant_tag020_20250626.jpeg,20250626,20,oyster67,13.91,5.61,
polyic_outplant_tag020_20250626.jpeg,20250626,20,oyster68,14.89,6.91,
polyic_outplant_tag020_20250626.jpeg,20250626,20,oyster69,9.77,8.53,
polyic_outplant_tag020_20250626.jpeg,20250626,20,oyster70,7.98,7.49,
polyic_outplant_tag020_20250626.jpeg,20250626,20,oyster71,10.56,6.12,
polyic_outplant_tag020_20250626.jpeg,20250626,20,oyster72,8.67,5.66,
polyic_outplant_tag020_20250626.jpeg,20250626,20,oyster73,11.92,6.92,
polyic_outplant_tag020_20250626.jpeg,20250626,20,oyster74,9.1,9.1,
polyic_outplant_tag020_20250626.jpeg,20250626,20,oyster75,9.5,6.07,
polyic_outplant_tag020_20250626.jpeg,20250626,20,oyster76,13.78,6.85,
polyic_outplant_tag020_20250626.jpeg,20250626,20,oyster77,16.74,5.81,
polyic_outplant_tag020_20250626.jpeg,20250626,20,oyster78,8.06,7.7,
polyic_outplant_tag020_20250626.jpeg,20250626,20,oyster79,10.64,5.9,
polyic_outplant_tag020_20250626.jpeg,20250626,20,oyster80,14.88,4.84,
polyic_outplant_tag020_20250626.jpeg,20250626,20,oyster81,7.87,7.69,
polyic_outplant_tag020_20250626.jpeg,20250626,20,oyster82,15.25,5.22,
polyic_outplant_tag020_20250626.jpeg,20250626,20,oyster83,13.93,7.05,
polyic_outplant_tag020_20250626.jpeg,20250626,20,oyster84,23.56,4.39,
polyic_outplant_tag020_20250626.jpeg,20250626,20,oyster85,10.8,5.91,
polyic_outplant_tag020_20250626.jpeg,20250626,20,oyster86,10.38,9.64,
polyic_outplant_tag020_20250626.jpeg,20250626,20,oyster87,9.72,7.73,
polyic_outplant_tag020_20250626.jpeg,20250626,20,oyster88,7.3,7.12,
polyic_outplant_tag020_20250626.jpeg,20250626,20,oyster89,9.68,5.71,
polyic_outplant_tag020_20250626.jpeg,20250626,20,oyster90,7.38,5.9,
polyic_outplant_tag020_20250626.jpeg,20250626,20,oyster91,9.96,6.36,
polyic_outplant_tag020_20250626.jpeg,20250626,20,oyster92,17.12,6.57,
polyic_outplant_tag020_20250626.jpeg,20250626,20,oyster93,7.63,4.24,
polyic_outplant_tag020_20250626.jpeg,20250626,20,oyster94,9.99,6.83,
polyic_outplant_tag020_20250626.jpeg,20250626,20,oyster95,9.05,7.2,
polyic_outplant_tag020_20250626.jpeg,20250626,20,oyster96,16.38,8.64,
polyic_outplant_tag020_20250626.jpeg,20250626,20,oyster97,16.71,9.73,
polyic_outplant_tag020_20250626.jpeg,20250626,20,oyster98,15.32,4.71,
polyic_outplant_tag020_20250626.jpeg,20250626,20,oyster99,17.96,5.34,
polyic_outplant_tag020_20250626.jpeg,20250626,20,oyster100,21.14,7.69,
polyic_outplant_tag020_20250626.jpeg,20250626,20,oyster101,7.81,7.54,
polyic_outplant_tag020_20250626.jpeg,20250626,20,oyster102,15.31,4.49,
polyic_outplant_tag020_20250626.jpeg,20250626,20,oyster103,6.95,5,
polyic_outplant_tag020_20250626.jpeg,20250626,20,oyster104,8.4,4.62,
polyic_outplant_tag020_20250626.jpeg,20250626,20,oyster105,18.53,2.57,
polyic_outplant_tag020_20250626.jpeg,20250626,20,oyster106,10.4,5.56,
polyic_outplant_tag020_20250626.jpeg,20250626,20,oyster107,9.58,6.56,
polyic_outplant_tag020_20250626.jpeg,20250626,20,oyster108,17.67,9.57,
polyic_outplant_tag020_20250626.jpeg,20250626,20,oyster109,8.7,3.59,
polyic_outplant_tag020_20250626.jpeg,20250626,20,oyster110,10.4,6.66,
polyic_outplant_tag020_20250626.jpeg,20250626,20,oyster111,9.4,4.17,
polyic_outplant_tag020_20250626.jpeg,20250626,20,oyster112,9.39,5.16,
polyic_outplant_tag020_20250626.jpeg,20250626,20,oyster113,9.2,4.87,
polyic_outplant_tag020_20250626.jpeg,20250626,20,oyster114,9.39,5.53,
polyic_outplant_tag020_20250626.jpeg,20250626,20,oyster115,22.49,8.12,
polyic_outplant_tag020_20250626.jpeg,20250626,20,oyster116,11.7,4.96,
polyic_outplant_tag020_20250626.jpeg,20250626,20,oyster117,17.31,5.11,
polyic_outplant_tag020_20250626.jpeg,20250626,20,oyster118,7.62,5.67,
polyic_outplant_tag020_20250626.jpeg,20250626,20,oyster119,7.38,3.92,
polyic_outplant_tag020_20250626.jpeg,20250626,20,oyster120,6.72,5.69,
polyic_outplant_tag020_20250626.jpeg,20250626,20,oyster121,7.96,5.97,
polyic_outplant_tag020_20250626.jpeg,20250626,20,oyster122,6.96,6.57,
polyic_outplant_tag020_20250626.jpeg,20250626,20,oyster123,6.99,5.6,
polyic_outplant_tag020_20250626.jpeg,20250626,20,oyster124,6.08,4.16,
polyic_outplant_tag020_20250626.jpeg,20250626,20,oyster125,9.86,6.39,
polyic_outplant_tag020_20250626.jpeg,20250626,20,oyster126,7.91,4.42,
polyic_outplant_tag020_20250626.jpeg,20250626,20,oyster127,14.01,5.24,
polyic_outplant_tag020_20250626.jpeg,20250626,20,oyster128,8.21,5.68,
polyic_outplant_tag020_20250626.jpeg,20250626,20,oyster129,5.58,5.53,
polyic_outplant_tag020_20250626.jpeg,20250626,20,oyster130,7.1,4.17,
polyic_outplant_tag020_20250626.jpeg,20250626,20,oyster131,5.89,5.39,